,Population_Distribution,Layout,BW,Condition_Sample_Size,Contrast_Size,ART_Con_Num_Sig,Param_Num_Sig,Nonparam_Num_Sig,ART_Omni_Num_Sig,ART_Con_Proportion_Sig,Param_Proportion_Sig,Nonparam_Proportion_Sig,ART_Omni_Proportion_Sig,Num_Trials
1,0,2x2,between,8,1,16,15,12,16,0.037735849,0.035377358,0.028301887,0.037735849,424
2,0,2x2,between,8,2,49,48,51,16,0.038522013,0.037735849,0.04009434,0.012578616,1272
3,0,2x2,between,16,1,23,20,21,23,0.05721393,0.049751244,0.052238806,0.05721393,402
4,0,2x2,between,16,2,55,53,52,0,0.045605307,0.043946932,0.043117745,0,1206
5,0,2x2,between,32,1,15,13,16,15,0.038071066,0.032994924,0.040609137,0.038071066,394
6,0,2x2,between,32,2,47,41,48,8,0.039763113,0.034686971,0.040609137,0.00676819,1182
7,0,2x2,between,24,1,7,11,7,7,0.019553073,0.030726257,0.019553073,0.019553073,358
8,0,2x2,between,24,2,49,41,44,4,0.045623836,0.038175047,0.040968343,0.003724395,1074
9,0,2x2,between,40,1,23,22,20,23,0.05450237,0.052132701,0.047393365,0.05450237,422
10,0,2x2,between,40,2,60,63,58,5,0.047393365,0.049763033,0.045813586,0.003949447,1266
11,0,2x2,within,24,1,19,19,22,19,0.047738693,0.047738693,0.055276382,0.047738693,398
12,0,2x2,within,24,2,55,53,56,9,0.046063652,0.04438861,0.046901173,0.007537688,1194
13,0,2x2,within,16,1,12,11,13,12,0.03,0.0275,0.0325,0.03,400
14,0,2x2,within,16,2,52,48,40,2,0.043333333,0.04,0.033333333,0.001666667,1200
15,0,2x2,within,40,1,19,16,13,19,0.047263682,0.039800995,0.032338308,0.047263682,402
16,0,2x2,within,40,2,39,38,42,4,0.032338308,0.031509121,0.034825871,0.00331675,1206
17,0,2x2,within,32,1,20,21,22,20,0.051546392,0.054123711,0.056701031,0.051546392,388
18,0,2x2,within,32,2,63,57,55,0,0.054123711,0.048969072,0.047250859,0,1164
19,0,2x2,within,8,1,27,31,17,27,0.068181818,0.078282828,0.042929293,0.068181818,396
20,0,2x2,within,8,2,70,73,46,14,0.058922559,0.061447811,0.038720539,0.011784512,1188
21,0,2x2x2,between,40,1,24,26,23,24,0.040816327,0.044217687,0.039115646,0.040816327,588
22,0,2x2x2,between,40,2,186,185,180,21,0.052721088,0.052437642,0.051020408,0.005952381,3528
23,0,2x2x2,between,40,3,282,246,276,0,0.05138484,0.044825073,0.050291545,0,5488
24,0,2x2x2,between,16,1,37,32,35,37,0.064236111,0.055555556,0.060763889,0.064236111,576
25,0,2x2x2,between,16,2,190,193,188,22,0.054976852,0.055844907,0.054398148,0.006365741,3456
26,0,2x2x2,between,16,3,282,275,260,0,0.052455357,0.051153274,0.048363095,0,5376
27,0,2x2x2,between,32,1,29,32,29,29,0.044342508,0.048929664,0.044342508,0.044342508,654
28,0,2x2x2,between,32,2,186,172,181,9,0.047400612,0.043832824,0.046126402,0.002293578,3924
29,0,2x2x2,between,32,3,259,264,257,0,0.042431193,0.043250328,0.042103539,0,6104
30,0,2x2x2,between,24,1,33,33,35,33,0.052631579,0.052631579,0.055821372,0.052631579,627
31,0,2x2x2,between,24,2,203,194,196,18,0.053960659,0.051568315,0.052099947,0.004784689,3762
32,0,2x2x2,between,24,3,330,330,329,0,0.056390977,0.056390977,0.056220096,0,5852
33,0,2x2x2,between,8,1,24,22,24,24,0.043243243,0.03963964,0.043243243,0.043243243,555
34,0,2x2x2,between,8,2,172,172,153,18,0.051651652,0.051651652,0.045945946,0.005405405,3330
35,0,2x2x2,between,8,3,280,270,264,6,0.054054054,0.052123552,0.050965251,0.001158301,5180
36,0,2x2x2,within,32,1,39,40,34,39,0.068783069,0.070546737,0.059964727,0.068783069,567
37,0,2x2x2,within,32,2,170,191,174,11,0.049970606,0.056143445,0.051146384,0.003233392,3402
38,0,2x2x2,within,32,3,277,280,285,1,0.052343159,0.052910053,0.053854875,0.000188964,5292
39,0,2x2x2,within,16,1,31,36,28,31,0.051926298,0.060301508,0.046901173,0.051926298,597
40,0,2x2x2,within,16,2,193,187,177,27,0.053880514,0.052205472,0.049413735,0.007537688,3582
41,0,2x2x2,within,16,3,283,283,251,1,0.050789663,0.050789663,0.045046662,0.000179469,5572
42,0,2x2x2,within,8,1,39,36,31,39,0.064039409,0.0591133,0.05090312,0.064039409,609
43,0,2x2x2,within,8,2,193,188,153,16,0.052818829,0.051450465,0.041871921,0.004378763,3654
44,0,2x2x2,within,8,3,273,279,202,0,0.048029557,0.049085151,0.035538353,0,5684
45,0,2x2x2,within,40,1,32,32,28,32,0.056140351,0.056140351,0.049122807,0.056140351,570
46,0,2x2x2,within,40,2,154,152,148,18,0.04502924,0.044444444,0.043274854,0.005263158,3420
47,0,2x2x2,within,40,3,243,230,239,0,0.045676692,0.043233083,0.044924812,0,5320
48,0,2x2x2,within,24,1,30,33,31,30,0.048543689,0.053398058,0.050161812,0.048543689,618
49,0,2x2x2,within,24,2,180,186,170,28,0.048543689,0.050161812,0.045846818,0.007551241,3708
50,0,2x2x2,within,24,3,268,277,248,0,0.046463245,0.048023578,0.042995839,0,5768
51,0,3x3,between,24,1,53,55,43,53,0.049074074,0.050925926,0.039814815,0.049074074,1080
52,0,3x3,between,24,2,311,297,310,66,0.047993827,0.045833333,0.047839506,0.010185185,6480
53,0,3x3,between,16,1,60,61,58,60,0.047619048,0.048412698,0.046031746,0.047619048,1260
54,0,3x3,between,16,2,337,337,310,58,0.04457672,0.04457672,0.041005291,0.007671958,7560
55,0,3x3,between,8,1,50,51,47,50,0.044802867,0.045698925,0.042114695,0.044802867,1116
56,0,3x3,between,8,2,384,383,375,87,0.05734767,0.057198327,0.056003584,0.012992832,6696
57,0,3x3,between,40,1,66,66,63,66,0.057894737,0.057894737,0.055263158,0.057894737,1140
58,0,3x3,between,40,2,380,387,389,75,0.055555556,0.056578947,0.056871345,0.010964912,6840
59,0,3x3,between,32,1,58,60,57,58,0.041310541,0.042735043,0.040598291,0.041310541,1404
60,0,3x3,between,32,2,408,399,405,95,0.048433048,0.047364672,0.048076923,0.011277303,8424
61,0,3x3,within,8,1,44,53,45,44,0.038394415,0.046247818,0.039267016,0.038394415,1146
62,0,3x3,within,8,2,329,334,228,69,0.047847586,0.048574753,0.033158813,0.010034904,6876
63,0,3x3,within,16,1,68,69,56,68,0.059027778,0.059895833,0.048611111,0.059027778,1152
64,0,3x3,within,16,2,350,361,328,79,0.050636574,0.052228009,0.047453704,0.011429398,6912
65,0,3x3,within,32,1,50,57,44,50,0.040064103,0.045673077,0.03525641,0.040064103,1248
66,0,3x3,within,32,2,343,350,357,80,0.045806624,0.046741453,0.047676282,0.010683761,7488
67,0,3x3,within,40,1,65,60,53,65,0.053630363,0.04950495,0.043729373,0.053630363,1212
68,0,3x3,within,40,2,338,349,333,51,0.046479648,0.047992299,0.045792079,0.007013201,7272
69,0,3x3,within,24,1,59,61,56,59,0.048202614,0.049836601,0.045751634,0.048202614,1224
70,0,3x3,within,24,2,335,322,312,54,0.045615468,0.043845316,0.04248366,0.007352941,7344
71,10,2x2,between,8,1,13,12,12,13,0.030660377,0.028301887,0.028301887,0.030660377,424
72,10,2x2,between,8,2,49,49,51,88,0.038522013,0.038522013,0.04009434,0.06918239,1272
73,10,2x2,between,16,1,24,21,21,24,0.059701493,0.052238806,0.052238806,0.059701493,402
74,10,2x2,between,16,2,55,65,52,159,0.045605307,0.053897181,0.043117745,0.131840796,1206
75,10,2x2,between,32,1,17,10,16,17,0.043147208,0.025380711,0.040609137,0.043147208,394
76,10,2x2,between,32,2,47,44,48,180,0.039763113,0.037225042,0.040609137,0.152284264,1182
77,10,2x2,between,24,1,9,14,7,9,0.025139665,0.039106145,0.019553073,0.025139665,358
78,10,2x2,between,24,2,49,39,44,166,0.045623836,0.036312849,0.040968343,0.154562384,1074
79,10,2x2,between,40,1,25,21,20,25,0.059241706,0.049763033,0.047393365,0.059241706,422
80,10,2x2,between,40,2,60,75,58,218,0.047393365,0.059241706,0.045813586,0.172195893,1266
81,10,2x2,within,24,1,18,15,19,18,0.045,0.0375,0.0475,0.045,400
82,10,2x2,within,24,2,55,50,52,370,0.045833333,0.041666667,0.043333333,0.308333333,1200
83,10,2x2,within,16,1,16,15,11,16,0.039800995,0.037313433,0.027363184,0.039800995,402
84,10,2x2,within,16,2,52,46,47,249,0.043117745,0.03814262,0.038971808,0.206467662,1206
85,10,2x2,within,40,1,15,15,13,15,0.037128713,0.037128713,0.032178218,0.037128713,404
86,10,2x2,within,40,2,39,50,50,446,0.032178218,0.041254125,0.041254125,0.367986799,1212
87,10,2x2,within,32,1,20,24,21,20,0.051813472,0.062176166,0.054404145,0.051813472,386
88,10,2x2,within,32,2,63,58,51,363,0.054404145,0.050086356,0.044041451,0.313471503,1158
89,10,2x2,within,8,1,22,9,18,22,0.055555556,0.022727273,0.045454545,0.055555556,396
90,10,2x2,within,8,2,70,58,48,189,0.058922559,0.048821549,0.04040404,0.159090909,1188
91,10,2x2x2,between,40,1,23,32,23,23,0.039115646,0.054421769,0.039115646,0.039115646,588
92,10,2x2x2,between,40,2,184,187,180,700,0.052154195,0.053004535,0.051020408,0.198412698,3528
93,10,2x2x2,between,40,3,282,279,276,1127,0.05138484,0.050838192,0.050291545,0.205357143,5488
94,10,2x2x2,between,16,1,38,20,35,38,0.065972222,0.034722222,0.060763889,0.065972222,576
95,10,2x2x2,between,16,2,173,149,188,364,0.05005787,0.043113426,0.054398148,0.105324074,3456
96,10,2x2x2,between,16,3,282,291,260,667,0.052455357,0.054129464,0.048363095,0.12406994,5376
97,10,2x2x2,between,32,1,38,22,29,38,0.058103976,0.033639144,0.044342508,0.058103976,654
98,10,2x2x2,between,32,2,181,147,181,507,0.046126402,0.037461774,0.046126402,0.129204893,3924
99,10,2x2x2,between,32,3,259,305,257,1004,0.042431193,0.049967235,0.042103539,0.164482307,6104
100,10,2x2x2,between,24,1,43,41,35,43,0.068580542,0.06539075,0.055821372,0.068580542,627
101,10,2x2x2,between,24,2,201,199,196,546,0.053429027,0.052897395,0.052099947,0.145135566,3762
102,10,2x2x2,between,24,3,330,310,329,956,0.056390977,0.052973342,0.056220096,0.163362953,5852
103,10,2x2x2,between,8,1,55,22,24,55,0.099099099,0.03963964,0.043243243,0.099099099,555
104,10,2x2x2,between,8,2,154,137,153,231,0.046246246,0.041141141,0.045945946,0.069369369,3330
105,10,2x2x2,between,8,3,280,291,264,396,0.054054054,0.056177606,0.050965251,0.076447876,5180
106,10,2x2x2,within,32,1,46,24,23,46,0.081560284,0.042553191,0.040780142,0.081560284,564
107,10,2x2x2,within,32,2,159,142,160,1038,0.046985816,0.041962175,0.047281324,0.306737589,3384
108,10,2x2x2,within,32,3,281,260,263,1803,0.053381459,0.049392097,0.049962006,0.342515198,5264
109,10,2x2x2,within,16,1,56,21,33,56,0.093802345,0.035175879,0.055276382,0.093802345,597
110,10,2x2x2,within,16,2,214,155,168,810,0.05974316,0.043271915,0.046901173,0.226130653,3582
111,10,2x2x2,within,16,3,285,314,249,1416,0.0511486,0.056353195,0.044687724,0.254127782,5572
112,10,2x2x2,within,8,1,71,29,35,71,0.116013072,0.047385621,0.057189542,0.116013072,612
113,10,2x2x2,within,8,2,207,172,165,480,0.056372549,0.046840959,0.044934641,0.130718954,3672
114,10,2x2x2,within,8,3,274,331,207,784,0.047969188,0.057948179,0.036239496,0.137254902,5712
115,10,2x2x2,within,40,1,46,31,26,46,0.081560284,0.054964539,0.046099291,0.081560284,564
116,10,2x2x2,within,40,2,152,174,156,1097,0.044917258,0.05141844,0.046099291,0.324172577,3384
117,10,2x2x2,within,40,3,244,303,240,1930,0.046352584,0.05756079,0.045592705,0.366641337,5264
118,10,2x2x2,within,24,1,48,27,32,48,0.078817734,0.044334975,0.052545156,0.078817734,609
119,10,2x2x2,within,24,2,175,154,146,992,0.04789272,0.042145594,0.039956212,0.271483306,3654
120,10,2x2x2,within,24,3,260,275,249,1783,0.045742435,0.048381422,0.043807178,0.313687544,5684
121,10,3x3,between,24,1,47,45,43,47,0.043518519,0.041666667,0.039814815,0.043518519,1080
122,10,3x3,between,24,2,311,316,310,903,0.047993827,0.048765432,0.047839506,0.139351852,6480
123,10,3x3,between,16,1,75,54,58,75,0.05952381,0.042857143,0.046031746,0.05952381,1260
124,10,3x3,between,16,2,337,395,310,854,0.04457672,0.052248677,0.041005291,0.112962963,7560
125,10,3x3,between,8,1,83,53,47,83,0.07437276,0.047491039,0.042114695,0.07437276,1116
126,10,3x3,between,8,2,384,399,375,679,0.05734767,0.059587814,0.056003584,0.101403823,6696
127,10,3x3,between,40,1,73,49,63,73,0.064035088,0.042982456,0.055263158,0.064035088,1140
128,10,3x3,between,40,2,380,362,389,1152,0.055555556,0.052923977,0.056871345,0.168421053,6840
129,10,3x3,between,32,1,60,60,57,60,0.042735043,0.042735043,0.040598291,0.042735043,1404
130,10,3x3,between,32,2,408,449,405,1339,0.048433048,0.053300095,0.048076923,0.158950617,8424
131,10,3x3,within,8,1,79,39,36,79,0.068935428,0.034031414,0.031413613,0.068935428,1146
132,10,3x3,within,8,2,331,363,226,1127,0.048138453,0.052792321,0.032867946,0.163903432,6876
133,10,3x3,within,16,1,85,44,56,85,0.074561404,0.038596491,0.049122807,0.074561404,1140
134,10,3x3,within,16,2,350,415,309,1615,0.051169591,0.060672515,0.045175439,0.236111111,6840
135,10,3x3,within,32,1,70,52,48,70,0.056360709,0.041867955,0.038647343,0.056360709,1242
136,10,3x3,within,32,2,343,356,330,2165,0.046027912,0.04777241,0.044283414,0.290526033,7452
137,10,3x3,within,40,1,71,51,56,71,0.058872305,0.042288557,0.046434494,0.058872305,1206
138,10,3x3,within,40,2,338,342,313,2165,0.04671089,0.047263682,0.043255943,0.299198452,7236
139,10,3x3,within,24,1,75,56,58,75,0.062189055,0.046434494,0.048092869,0.062189055,1206
140,10,3x3,within,24,2,331,413,330,1899,0.045743505,0.057075732,0.045605307,0.262437811,7236
141,101,2x2,between,8,1,189,195,136,189,0.489637306,0.505181347,0.352331606,0.489637306,386
142,101,2x2,between,8,2,589,594,564,287,0.508635579,0.512953368,0.487046632,0.247841105,1158
143,101,2x2,between,24,1,319,323,287,319,0.705752212,0.71460177,0.634955752,0.705752212,452
144,101,2x2,between,24,2,937,941,919,527,0.69100295,0.693952802,0.677728614,0.388643068,1356
145,101,2x2,between,40,1,262,265,241,262,0.740112994,0.748587571,0.68079096,0.740112994,354
146,101,2x2,between,40,2,800,794,791,463,0.753295669,0.747645951,0.744821092,0.435969868,1062
147,101,2x2,between,32,1,275,274,257,275,0.6875,0.685,0.6425,0.6875,400
148,101,2x2,between,32,2,894,884,876,537,0.745,0.736666667,0.73,0.4475,1200
149,101,2x2,between,16,1,248,256,218,248,0.607843137,0.62745098,0.534313725,0.607843137,408
150,101,2x2,between,16,2,765,759,733,375,0.625,0.620098039,0.598856209,0.306372549,1224
151,101,2x2,within,40,1,318,321,297,318,0.753554502,0.760663507,0.703791469,0.753554502,422
152,101,2x2,within,40,2,947,952,932,522,0.748025276,0.751974724,0.736176935,0.412322275,1266
153,101,2x2,within,24,1,232,229,205,232,0.644444444,0.636111111,0.569444444,0.644444444,360
154,101,2x2,within,24,2,730,737,717,396,0.675925926,0.682407407,0.663888889,0.366666667,1080
155,101,2x2,within,8,1,201,209,161,201,0.505025126,0.525125628,0.404522613,0.505025126,398
156,101,2x2,within,8,2,585,585,483,234,0.489949749,0.489949749,0.404522613,0.195979899,1194
157,101,2x2,within,16,1,253,257,213,253,0.608173077,0.617788462,0.512019231,0.608173077,416
158,101,2x2,within,16,2,797,795,753,394,0.638621795,0.637019231,0.603365385,0.315705128,1248
159,101,2x2,within,32,1,281,286,269,281,0.70959596,0.722222222,0.679292929,0.70959596,396
160,101,2x2,within,32,2,839,836,814,453,0.706228956,0.703703704,0.685185185,0.381313131,1188
161,101,2x2x2,between,24,1,387,392,330,387,0.668393782,0.677029361,0.569948187,0.668393782,579
162,101,2x2x2,between,24,2,2404,2422,2090,1327,0.691997697,0.697179044,0.601611975,0.381980426,3474
163,101,2x2x2,between,24,3,3849,3813,3753,1332,0.712250185,0.705588453,0.694485566,0.246484086,5404
164,101,2x2x2,between,40,1,426,425,379,426,0.743455497,0.741710297,0.661431065,0.743455497,573
165,101,2x2x2,between,40,2,2610,2601,2351,1552,0.759162304,0.756544503,0.683827807,0.451425247,3438
166,101,2x2x2,between,40,3,4102,4079,4028,1708,0.767015707,0.762715034,0.753178758,0.319371728,5348
167,101,2x2x2,between,32,1,422,433,375,422,0.703333333,0.721666667,0.625,0.703333333,600
168,101,2x2x2,between,32,2,2640,2667,2406,1548,0.733333333,0.740833333,0.668333333,0.43,3600
169,101,2x2x2,between,32,3,4137,4107,4031,1610,0.73875,0.733392857,0.719821429,0.2875,5600
170,101,2x2x2,between,8,1,307,307,232,307,0.514237856,0.514237856,0.388609715,0.514237856,597
171,101,2x2x2,between,8,2,1837,1812,1395,821,0.512841988,0.505862647,0.389447236,0.229201563,3582
172,101,2x2x2,between,8,3,2875,2872,2669,587,0.515972721,0.515434314,0.479002154,0.105348169,5572
173,101,2x2x2,between,16,1,399,395,323,399,0.612903226,0.606758833,0.496159754,0.612903226,651
174,101,2x2x2,between,16,2,2417,2419,2048,1363,0.618791603,0.619303635,0.524321557,0.348950333,3906
175,101,2x2x2,between,16,3,3826,3761,3641,1104,0.629690586,0.618992758,0.599242923,0.181698486,6076
176,101,2x2x2,within,40,1,444,451,394,444,0.74,0.751666667,0.656666667,0.74,600
177,101,2x2x2,within,40,2,2659,2678,2463,1556,0.738611111,0.743888889,0.684166667,0.432222222,3600
178,101,2x2x2,within,40,3,4175,4183,4129,1733,0.745535714,0.746964286,0.737321429,0.309464286,5600
179,101,2x2x2,within,8,1,271,270,205,271,0.480496454,0.478723404,0.363475177,0.480496454,564
180,101,2x2x2,within,8,2,1662,1668,1278,749,0.491134752,0.492907801,0.377659574,0.221335697,3384
181,101,2x2x2,within,8,3,2615,2595,2118,481,0.496770517,0.492971125,0.402355623,0.09137538,5264
182,101,2x2x2,within,32,1,407,411,357,407,0.710296684,0.717277487,0.623036649,0.710296684,573
183,101,2x2x2,within,32,2,2537,2547,2327,1439,0.737929029,0.740837696,0.676847004,0.418557301,3438
184,101,2x2x2,within,32,3,3954,3949,3872,1427,0.73934181,0.738406881,0.724008975,0.266828721,5348
185,101,2x2x2,within,24,1,401,411,340,401,0.710992908,0.728723404,0.602836879,0.710992908,564
186,101,2x2x2,within,24,2,2369,2376,2115,1300,0.700059102,0.70212766,0.625,0.384160757,3384
187,101,2x2x2,within,24,3,3669,3703,3575,1260,0.69699848,0.703457447,0.679141337,0.239361702,5264
188,101,2x2x2,within,16,1,354,355,291,354,0.592964824,0.594639866,0.487437186,0.592964824,597
189,101,2x2x2,within,16,2,2222,2225,1933,1122,0.620323841,0.621161362,0.539642658,0.313232831,3582
190,101,2x2x2,within,16,3,3461,3451,3247,1090,0.621141421,0.619346734,0.582735104,0.195620962,5572
191,101,3x3,between,24,1,828,837,736,828,0.693467337,0.701005025,0.61641541,0.693467337,1194
192,101,3x3,between,24,2,5069,5027,4941,4001,0.707565606,0.701702959,0.689698492,0.558486879,7164
193,101,3x3,between,16,1,712,716,583,712,0.596314908,0.599664992,0.488274707,0.596314908,1194
194,101,3x3,between,16,2,4594,4547,4369,3635,0.641261865,0.634701284,0.60985483,0.507398102,7164
195,101,3x3,between,40,1,899,898,796,899,0.734477124,0.733660131,0.650326797,0.734477124,1224
196,101,3x3,between,40,2,5565,5520,5476,4750,0.757761438,0.751633987,0.745642702,0.646786492,7344
197,101,3x3,between,8,1,575,573,412,575,0.496545769,0.494818653,0.355785838,0.496545769,1158
198,101,3x3,between,8,2,3754,3734,3497,2662,0.540299367,0.537420841,0.503310305,0.383131836,6948
199,101,3x3,between,32,1,908,916,803,908,0.738211382,0.744715447,0.652845528,0.738211382,1230
200,101,3x3,between,32,2,5470,5442,5360,4448,0.741192412,0.737398374,0.726287263,0.602710027,7380
201,101,3x3,within,40,1,947,950,854,947,0.762479871,0.76489533,0.687600644,0.762479871,1242
202,101,3x3,within,40,2,5644,5638,5566,4739,0.757380569,0.756575416,0.74691358,0.635936661,7452
203,101,3x3,within,24,1,779,784,684,779,0.676215278,0.680555556,0.59375,0.676215278,1152
204,101,3x3,within,24,2,4834,4800,4671,4018,0.699363426,0.694444444,0.67578125,0.58130787,6912
205,101,3x3,within,16,1,753,772,602,753,0.624378109,0.64013267,0.499170813,0.624378109,1206
206,101,3x3,within,16,2,4683,4641,4384,3623,0.647180763,0.641376451,0.605859591,0.500690989,7236
207,101,3x3,within,8,1,624,630,459,624,0.48372093,0.488372093,0.355813953,0.48372093,1290
208,101,3x3,within,8,2,3873,3911,3168,2613,0.500387597,0.505297158,0.409302326,0.337596899,7740
209,101,3x3,within,32,1,685,699,600,685,0.691919192,0.706060606,0.606060606,0.691919192,990
210,101,3x3,within,32,2,4323,4311,4254,3529,0.727777778,0.725757576,0.716161616,0.594107744,5940
211,111,2x2,between,8,1,187,139,136,187,0.484455959,0.360103627,0.352331606,0.484455959,386
212,111,2x2,between,8,2,589,371,564,392,0.508635579,0.320379965,0.487046632,0.33851468,1158
213,111,2x2,between,24,1,337,287,287,337,0.745575221,0.634955752,0.634955752,0.745575221,452
214,111,2x2,between,24,2,937,674,919,715,0.69100295,0.497050147,0.677728614,0.527286136,1356
215,111,2x2,between,40,1,278,248,241,278,0.785310734,0.700564972,0.68079096,0.785310734,354
216,111,2x2,between,40,2,800,624,791,642,0.753295669,0.587570621,0.744821092,0.604519774,1062
217,111,2x2,between,32,1,292,259,257,292,0.73,0.6475,0.6425,0.73,400
218,111,2x2,between,32,2,894,654,876,688,0.745,0.545,0.73,0.573333333,1200
219,111,2x2,between,16,1,258,197,218,258,0.632352941,0.482843137,0.534313725,0.632352941,408
220,111,2x2,between,16,2,765,545,733,526,0.625,0.445261438,0.598856209,0.429738562,1224
221,111,2x2,within,40,1,308,243,279,308,0.747572816,0.589805825,0.677184466,0.747572816,412
222,111,2x2,within,40,2,925,648,878,783,0.748381877,0.524271845,0.710355987,0.633495146,1236
223,111,2x2,within,24,1,239,179,191,239,0.675141243,0.505649718,0.539548023,0.675141243,354
224,111,2x2,within,24,2,721,471,688,575,0.678907721,0.443502825,0.647834275,0.541431262,1062
225,111,2x2,within,8,1,188,120,139,188,0.472361809,0.301507538,0.349246231,0.472361809,398
226,111,2x2,within,8,2,585,329,454,401,0.489949749,0.275544389,0.380234506,0.335845896,1194
227,111,2x2,within,16,1,264,186,202,264,0.634615385,0.447115385,0.485576923,0.634615385,416
228,111,2x2,within,16,2,797,518,713,576,0.638621795,0.415064103,0.571314103,0.461538462,1248
229,111,2x2,within,32,1,294,235,261,294,0.738693467,0.590452261,0.655778894,0.738693467,398
230,111,2x2,within,32,2,838,567,787,708,0.701842546,0.474874372,0.659128978,0.592964824,1194
231,111,2x2x2,between,24,1,460,345,330,460,0.79447323,0.595854922,0.569948187,0.79447323,579
232,111,2x2x2,between,24,2,2483,1799,2090,1906,0.714738054,0.517846862,0.601611975,0.548647093,3474
233,111,2x2x2,between,24,3,3849,2375,3753,2489,0.712250185,0.439489267,0.694485566,0.460584752,5404
234,111,2x2x2,between,40,1,474,362,379,474,0.827225131,0.631762653,0.661431065,0.827225131,573
235,111,2x2x2,between,40,2,2576,2028,2351,2188,0.749272833,0.589877836,0.683827807,0.636416521,3438
236,111,2x2x2,between,40,3,4102,2652,4028,2916,0.767015707,0.495886313,0.753178758,0.545250561,5348
237,111,2x2x2,between,32,1,500,380,375,500,0.833333333,0.633333333,0.625,0.833333333,600
238,111,2x2x2,between,32,2,2656,2026,2406,2229,0.737777778,0.562777778,0.668333333,0.619166667,3600
239,111,2x2x2,between,32,3,4137,2608,4031,2858,0.73875,0.465714286,0.719821429,0.510357143,5600
240,111,2x2x2,between,8,1,375,210,232,375,0.628140704,0.351758794,0.388609715,0.628140704,597
241,111,2x2x2,between,8,2,1711,1189,1395,1346,0.477666108,0.331937465,0.389447236,0.375767728,3582
242,111,2x2x2,between,8,3,2875,1574,2669,1565,0.515972721,0.282483848,0.479002154,0.280868629,5572
243,111,2x2x2,between,16,1,472,322,323,472,0.725038402,0.494623656,0.496159754,0.725038402,651
244,111,2x2x2,between,16,2,2373,1721,2048,1983,0.607526882,0.440604199,0.524321557,0.507680492,3906
245,111,2x2x2,between,16,3,3826,2212,3641,2375,0.629690586,0.3640553,0.599242923,0.390882159,6076
246,111,2x2x2,within,40,1,501,366,377,501,0.835,0.61,0.628333333,0.835,600
247,111,2x2x2,within,40,2,2663,1925,2356,2375,0.739722222,0.534722222,0.654444444,0.659722222,3600
248,111,2x2x2,within,40,3,4195,2582,4036,3345,0.749107143,0.461071429,0.720714286,0.597321429,5600
249,111,2x2x2,within,8,1,370,203,192,370,0.649122807,0.356140351,0.336842105,0.649122807,570
250,111,2x2x2,within,8,2,1519,1061,1223,1285,0.444152047,0.310233918,0.357602339,0.375730994,3420
251,111,2x2x2,within,8,3,2647,1447,2041,1670,0.497556391,0.271992481,0.383646617,0.313909774,5320
252,111,2x2x2,within,32,1,473,330,338,473,0.847670251,0.591397849,0.605734767,0.847670251,558
253,111,2x2x2,within,32,2,2444,1743,2189,2200,0.729988053,0.520609319,0.653823178,0.657108722,3348
254,111,2x2x2,within,32,3,3857,2214,3686,2958,0.740591398,0.425115207,0.707757296,0.56797235,5208
255,111,2x2x2,within,24,1,454,312,326,454,0.818018018,0.562162162,0.587387387,0.818018018,555
256,111,2x2x2,within,24,2,2256,1575,1986,2038,0.677477477,0.472972973,0.596396396,0.612012012,3330
257,111,2x2x2,within,24,3,3629,1975,3403,2754,0.700579151,0.381274131,0.656949807,0.531660232,5180
258,111,2x2x2,within,16,1,461,281,295,461,0.760726073,0.46369637,0.48679868,0.760726073,606
259,111,2x2x2,within,16,2,2164,1444,1855,1932,0.595159516,0.397139714,0.510176018,0.531353135,3636
260,111,2x2x2,within,16,3,3509,1881,3167,2618,0.620403112,0.332567185,0.559936351,0.462871287,5656
261,111,3x3,between,24,1,921,664,736,921,0.771356784,0.556113903,0.61641541,0.771356784,1194
262,111,3x3,between,24,2,5069,3011,4941,4617,0.707565606,0.420295924,0.689698492,0.644472362,7164
263,111,3x3,between,16,1,814,569,583,814,0.681742044,0.476549414,0.488274707,0.681742044,1194
264,111,3x3,between,16,2,4594,2600,4369,4150,0.641261865,0.36292574,0.60985483,0.579285315,7164
265,111,3x3,between,40,1,977,732,796,977,0.798202614,0.598039216,0.650326797,0.798202614,1224
266,111,3x3,between,40,2,5565,3476,5476,5246,0.757761438,0.473311547,0.745642702,0.714324619,7344
267,111,3x3,between,8,1,678,399,412,678,0.585492228,0.344559585,0.355785838,0.585492228,1158
268,111,3x3,between,8,2,3754,1975,3497,3138,0.540299367,0.284254462,0.503310305,0.45164076,6948
269,111,3x3,between,32,1,986,754,803,986,0.801626016,0.61300813,0.652845528,0.801626016,1230
270,111,3x3,between,32,2,5470,3279,5360,5058,0.741192412,0.444308943,0.726287263,0.685365854,7380
271,111,3x3,within,40,1,979,689,813,979,0.799836601,0.562908497,0.664215686,0.799836601,1224
272,111,3x3,within,40,2,5567,3166,5352,5397,0.758033769,0.431100218,0.72875817,0.734885621,7344
273,111,3x3,within,24,1,873,571,654,873,0.761780105,0.498254799,0.570680628,0.761780105,1146
274,111,3x3,within,24,2,4815,2650,4493,4680,0.70026178,0.385398487,0.653432228,0.680628272,6876
275,111,3x3,within,16,1,880,535,593,880,0.715447154,0.43495935,0.482113821,0.715447154,1230
276,111,3x3,within,16,2,4767,2319,4270,4647,0.645934959,0.314227642,0.578590786,0.629674797,7380
277,111,3x3,within,8,1,706,403,434,706,0.549844237,0.313862928,0.338006231,0.549844237,1284
278,111,3x3,within,8,2,3865,1980,2984,3535,0.501687435,0.257009346,0.387331256,0.458852544,7704
279,111,3x3,within,32,1,766,518,583,766,0.783231084,0.529652352,0.596114519,0.783231084,978
280,111,3x3,within,32,2,4273,2476,4044,4109,0.728186776,0.421949557,0.689161554,0.700238582,5868
281,120,2x2,between,8,1,195,163,127,195,0.482673267,0.403465347,0.314356436,0.482673267,404
282,120,2x2,between,8,2,516,430,493,317,0.425742574,0.354785479,0.406765677,0.261551155,1212
283,120,2x2,between,24,1,284,264,226,284,0.717171717,0.666666667,0.570707071,0.717171717,396
284,120,2x2,between,24,2,750,654,742,529,0.631313131,0.550505051,0.624579125,0.445286195,1188
285,120,2x2,between,32,1,311,291,254,311,0.730046948,0.683098592,0.596244131,0.730046948,426
286,120,2x2,between,32,2,843,754,832,672,0.659624413,0.589984351,0.651017214,0.525821596,1278
287,120,2x2,between,40,1,345,319,280,345,0.809859155,0.748826291,0.657276995,0.809859155,426
288,120,2x2,between,40,2,936,820,930,713,0.732394366,0.641627543,0.727699531,0.557902973,1278
289,120,2x2,between,16,1,229,207,172,229,0.658045977,0.594827586,0.494252874,0.658045977,348
290,120,2x2,between,16,2,635,523,614,406,0.608237548,0.500957854,0.588122605,0.388888889,1044
291,120,2x2,within,32,1,280,245,242,280,0.676328502,0.59178744,0.584541063,0.676328502,414
292,120,2x2,within,32,2,842,682,841,705,0.677938808,0.549114332,0.677133655,0.56763285,1242
293,120,2x2,within,8,1,207,150,132,207,0.5,0.362318841,0.31884058,0.5,414
294,120,2x2,within,8,2,508,405,429,348,0.409017713,0.326086957,0.345410628,0.280193237,1242
295,120,2x2,within,16,1,255,214,205,255,0.640703518,0.537688442,0.515075377,0.640703518,398
296,120,2x2,within,16,2,695,540,660,522,0.582077052,0.452261307,0.552763819,0.43718593,1194
297,120,2x2,within,40,1,267,242,234,267,0.762857143,0.691428571,0.668571429,0.762857143,350
298,120,2x2,within,40,2,742,611,744,628,0.706666667,0.581904762,0.708571429,0.598095238,1050
299,120,2x2,within,24,1,301,258,241,301,0.756281407,0.648241206,0.605527638,0.756281407,398
300,120,2x2,within,24,2,783,600,773,597,0.655778894,0.502512563,0.647403685,0.5,1194
301,120,2x2x2,between,40,1,525,467,418,525,0.829383886,0.737756714,0.660347551,0.829383886,633
302,120,2x2x2,between,40,2,2904,2518,2491,2296,0.764612954,0.662980516,0.655871511,0.604528699,3798
303,120,2x2x2,between,40,3,4316,3285,4300,2795,0.730534868,0.556025728,0.727826676,0.473087339,5908
304,120,2x2x2,between,24,1,474,397,347,474,0.782178218,0.655115512,0.572607261,0.782178218,606
305,120,2x2x2,between,24,2,2518,2110,2168,1870,0.692519252,0.580308031,0.596259626,0.51430143,3636
306,120,2x2x2,between,24,3,3725,2724,3668,2224,0.658592645,0.481612447,0.648514851,0.39321075,5656
307,120,2x2x2,between,16,1,447,365,294,447,0.726829268,0.593495935,0.47804878,0.726829268,615
308,120,2x2x2,between,16,2,2299,1855,1778,1639,0.62303523,0.502710027,0.481842818,0.444173442,3690
309,120,2x2x2,between,16,3,3290,2373,3176,1826,0.573170732,0.413414634,0.553310105,0.318118467,5740
310,120,2x2x2,between,8,1,378,256,176,378,0.646153846,0.437606838,0.300854701,0.646153846,585
311,120,2x2x2,between,8,2,1662,1358,1186,1095,0.473504274,0.386894587,0.337891738,0.311965812,3510
312,120,2x2x2,between,8,3,2443,1732,2245,1132,0.447435897,0.317216117,0.411172161,0.207326007,5460
313,120,2x2x2,between,32,1,433,379,347,433,0.771836007,0.675579323,0.618538324,0.771836007,561
314,120,2x2x2,between,32,2,2379,2049,2070,1770,0.706773619,0.608734403,0.614973262,0.525846702,3366
315,120,2x2x2,between,32,3,3578,2774,3529,2224,0.683346066,0.529793736,0.673987777,0.424751719,5236
316,120,2x2x2,within,32,1,467,375,348,467,0.782244556,0.628140704,0.582914573,0.782244556,597
317,120,2x2x2,within,32,2,2532,1972,2182,2168,0.706867672,0.55053043,0.609156896,0.605248465,3582
318,120,2x2x2,within,32,3,3793,2597,3824,2804,0.680725054,0.466080402,0.686288586,0.503230438,5572
319,120,2x2x2,within,40,1,483,392,379,483,0.813131313,0.65993266,0.638047138,0.813131313,594
320,120,2x2x2,within,40,2,2646,2186,2367,2212,0.742424242,0.61335578,0.664141414,0.620650954,3564
321,120,2x2x2,within,40,3,3978,2896,3989,2901,0.717532468,0.522366522,0.719516595,0.523268398,5544
322,120,2x2x2,within,24,1,453,365,328,453,0.78238342,0.630397237,0.566493955,0.78238342,579
323,120,2x2x2,within,24,2,2299,1839,1965,1964,0.661773172,0.529360967,0.565630397,0.565342545,3474
324,120,2x2x2,within,24,3,3449,2272,3426,2539,0.63823094,0.420429312,0.633974833,0.469837158,5404
325,120,2x2x2,within,8,1,357,197,175,357,0.664804469,0.366852886,0.325884544,0.664804469,537
326,120,2x2x2,within,8,2,1442,1096,1060,1232,0.447548107,0.34016139,0.328988206,0.382371198,3222
327,120,2x2x2,within,8,3,2171,1414,1795,1384,0.433160415,0.282122905,0.358140463,0.276137271,5012
328,120,2x2x2,within,16,1,439,318,283,439,0.766143106,0.554973822,0.493891798,0.766143106,573
329,120,2x2x2,within,16,2,2038,1546,1693,1736,0.592786504,0.449680047,0.492437464,0.504944735,3438
330,120,2x2x2,within,16,3,3098,1968,2993,2201,0.579281975,0.367988033,0.559648467,0.411555722,5348
331,120,3x3,between,40,1,890,785,738,890,0.768566494,0.677892919,0.637305699,0.768566494,1158
332,120,3x3,between,40,2,4976,3752,4974,4661,0.716177317,0.540011514,0.715889465,0.67084053,6948
333,120,3x3,between,8,1,753,538,425,753,0.597619048,0.426984127,0.337301587,0.597619048,1260
334,120,3x3,between,8,2,3401,2304,3148,2912,0.449867725,0.304761905,0.416402116,0.385185185,7560
335,120,3x3,between,32,1,1073,914,868,1073,0.770833333,0.656609195,0.623563218,0.770833333,1392
336,120,3x3,between,32,2,5749,4259,5675,5307,0.688338123,0.509937739,0.679477969,0.635416667,8352
337,120,3x3,between,16,1,696,554,513,696,0.694610778,0.552894212,0.511976048,0.694610778,1002
338,120,3x3,between,16,2,3491,2383,3362,3089,0.580671989,0.396373919,0.559214904,0.513805722,6012
339,120,3x3,between,24,1,891,724,683,891,0.75,0.609427609,0.574915825,0.75,1188
340,120,3x3,between,24,2,4665,3342,4607,4341,0.654461279,0.468855219,0.646324355,0.609006734,7128
341,120,3x3,within,40,1,992,788,806,992,0.806504065,0.640650407,0.655284553,0.806504065,1230
342,120,3x3,within,40,2,5364,3628,5381,5236,0.726829268,0.491598916,0.729132791,0.709485095,7380
343,120,3x3,within,32,1,875,667,683,875,0.76754386,0.585087719,0.599122807,0.76754386,1140
344,120,3x3,within,32,2,4676,3083,4696,4610,0.683625731,0.450730994,0.686549708,0.673976608,6840
345,120,3x3,within,16,1,922,654,637,922,0.689088191,0.488789238,0.476083707,0.689088191,1338
346,120,3x3,within,16,2,4707,3027,4542,4476,0.58632287,0.377055306,0.565769806,0.55754858,8028
347,120,3x3,within,24,1,854,665,665,854,0.749122807,0.583333333,0.583333333,0.749122807,1140
348,120,3x3,within,24,2,4457,2920,4433,4273,0.651608187,0.426900585,0.648099415,0.624707602,6840
349,120,3x3,within,8,1,584,382,321,584,0.546816479,0.357677903,0.300561798,0.546816479,1068
350,120,3x3,within,8,2,2734,1757,2208,2589,0.426654182,0.274188514,0.344569288,0.404026217,6408
351,132,2x2,between,8,1,63,27,85,63,0.145833333,0.0625,0.196759259,0.145833333,432
352,132,2x2,between,8,2,297,88,285,379,0.229166667,0.067901235,0.219907407,0.292438272,1296
353,132,2x2,between,32,1,122,36,185,122,0.32972973,0.097297297,0.5,0.32972973,370
354,132,2x2,between,32,2,592,99,594,732,0.533333333,0.089189189,0.535135135,0.659459459,1110
355,132,2x2,between,16,1,89,21,122,89,0.237967914,0.056149733,0.326203209,0.237967914,374
356,132,2x2,between,16,2,414,73,397,597,0.368983957,0.065062389,0.353832442,0.532085561,1122
357,132,2x2,between,40,1,131,24,198,131,0.321078431,0.058823529,0.485294118,0.321078431,408
358,132,2x2,between,40,2,667,97,674,887,0.544934641,0.079248366,0.550653595,0.724673203,1224
359,132,2x2,between,24,1,128,31,187,128,0.307692308,0.074519231,0.449519231,0.307692308,416
360,132,2x2,between,24,2,604,111,597,786,0.483974359,0.088942308,0.478365385,0.629807692,1248
361,132,2x2,within,40,1,123,29,152,123,0.298543689,0.07038835,0.368932039,0.298543689,412
362,132,2x2,within,40,2,628,102,475,872,0.508090615,0.082524272,0.384304207,0.705501618,1236
363,132,2x2,within,16,1,75,15,78,75,0.189393939,0.037878788,0.196969697,0.189393939,396
364,132,2x2,within,16,2,403,95,254,616,0.339225589,0.07996633,0.213804714,0.518518519,1188
365,132,2x2,within,8,1,60,27,59,60,0.14084507,0.063380282,0.138497653,0.14084507,426
366,132,2x2,within,8,2,303,99,176,426,0.237089202,0.077464789,0.13771518,0.333333333,1278
367,132,2x2,within,24,1,102,29,107,102,0.251231527,0.071428571,0.263546798,0.251231527,406
368,132,2x2,within,24,2,501,80,332,745,0.411330049,0.065681445,0.272577997,0.611658456,1218
369,132,2x2,within,32,1,113,19,130,113,0.334319527,0.056213018,0.384615385,0.334319527,338
370,132,2x2,within,32,2,502,75,368,654,0.495069034,0.073964497,0.362919132,0.644970414,1014
371,132,2x2x2,between,40,1,394,46,331,394,0.616588419,0.07198748,0.51799687,0.616588419,639
372,132,2x2x2,between,40,2,1571,306,1919,2562,0.409754825,0.079812207,0.500521648,0.668231612,3834
373,132,2x2x2,between,40,3,3183,675,3290,4174,0.533702213,0.113179074,0.551643192,0.699865862,5964
374,132,2x2x2,between,32,1,377,32,289,377,0.610032362,0.051779935,0.46763754,0.610032362,618
375,132,2x2x2,between,32,2,1362,205,1781,2308,0.367313916,0.055285868,0.480312837,0.622437972,3708
376,132,2x2x2,between,32,3,2911,540,2960,3912,0.504680999,0.093619972,0.513176144,0.678224688,5768
377,132,2x2x2,between,8,1,253,31,135,253,0.425925926,0.052188552,0.227272727,0.425925926,594
378,132,2x2x2,between,8,2,625,230,803,1112,0.175364759,0.064534231,0.225308642,0.312008979,3564
379,132,2x2x2,between,8,3,1387,505,1275,1745,0.250180375,0.091089466,0.229978355,0.31475469,5544
380,132,2x2x2,between,24,1,343,26,234,343,0.604938272,0.045855379,0.412698413,0.604938272,567
381,132,2x2x2,between,24,2,1120,182,1460,2008,0.329218107,0.053497942,0.429159318,0.590241035,3402
382,132,2x2x2,between,24,3,2307,485,2335,3321,0.435941043,0.09164777,0.441232048,0.62755102,5292
383,132,2x2x2,between,16,1,293,28,197,293,0.503436426,0.048109966,0.338487973,0.503436426,582
384,132,2x2x2,between,16,2,922,206,1193,1696,0.264032073,0.058991982,0.34163803,0.485681558,3492
385,132,2x2x2,between,16,3,2048,513,1946,2876,0.377025037,0.094440353,0.358247423,0.529455081,5432
386,132,2x2x2,within,8,1,257,39,95,257,0.432659933,0.065656566,0.15993266,0.432659933,594
387,132,2x2x2,within,8,2,572,235,486,1162,0.160493827,0.065937149,0.136363636,0.326038159,3564
388,132,2x2x2,within,8,3,1289,528,743,1826,0.232503608,0.095238095,0.134018759,0.329365079,5544
389,132,2x2x2,within,16,1,302,29,120,302,0.532627866,0.051146384,0.211640212,0.532627866,567
390,132,2x2x2,within,16,2,794,192,771,1682,0.233392122,0.05643739,0.226631393,0.49441505,3402
391,132,2x2x2,within,16,3,1851,525,1156,2818,0.349773243,0.099206349,0.218442933,0.53250189,5292
392,132,2x2x2,within,40,1,366,36,222,366,0.689265537,0.06779661,0.418079096,0.689265537,531
393,132,2x2x2,within,40,2,1232,205,1275,2144,0.386691777,0.064344005,0.400188324,0.672944131,3186
394,132,2x2x2,within,40,3,2575,491,2008,3608,0.519572236,0.099071832,0.405165456,0.728006457,4956
395,132,2x2x2,within,32,1,366,22,222,366,0.61928934,0.037225042,0.375634518,0.61928934,591
396,132,2x2x2,within,32,2,1250,173,1279,2253,0.35250987,0.048787366,0.360688099,0.63536379,3546
397,132,2x2x2,within,32,3,2701,539,2040,3777,0.489666425,0.097715736,0.369833212,0.684735315,5516
398,132,2x2x2,within,24,1,370,31,182,370,0.595813205,0.049919485,0.293075684,0.595813205,621
399,132,2x2x2,within,24,2,1124,211,1080,2209,0.301663983,0.056629093,0.289855072,0.592860977,3726
400,132,2x2x2,within,24,3,2535,644,1836,3719,0.4373706,0.111111111,0.316770186,0.641649413,5796
401,132,3x3,between,16,1,553,64,372,553,0.454022989,0.052545156,0.305418719,0.454022989,1218
402,132,3x3,between,16,2,2607,739,2522,4159,0.356732348,0.101122058,0.345101259,0.569102354,7308
403,132,3x3,between,32,1,687,59,578,687,0.555825243,0.047734628,0.46763754,0.555825243,1236
404,132,3x3,between,32,2,3714,726,3802,5290,0.500809061,0.09789644,0.512675297,0.713322546,7416
405,132,3x3,between,24,1,651,63,495,651,0.526699029,0.050970874,0.400485437,0.526699029,1236
406,132,3x3,between,24,2,3342,881,3400,5004,0.450647249,0.118797195,0.458468177,0.674757282,7416
407,132,3x3,between,8,1,347,55,185,347,0.321296296,0.050925926,0.171296296,0.321296296,1080
408,132,3x3,between,8,2,1488,651,1381,2522,0.22962963,0.100462963,0.213117284,0.389197531,6480
409,132,3x3,between,40,1,731,85,670,731,0.594308943,0.069105691,0.544715447,0.594308943,1230
410,132,3x3,between,40,2,4144,854,4244,5406,0.561517615,0.115718157,0.575067751,0.732520325,7380
411,132,3x3,within,24,1,599,77,386,599,0.491789819,0.063218391,0.316912972,0.491789819,1218
412,132,3x3,within,24,2,3183,772,2279,4685,0.435550082,0.105637657,0.311850027,0.64107827,7308
413,132,3x3,within,32,1,637,78,430,637,0.520424837,0.06372549,0.35130719,0.520424837,1224
414,132,3x3,within,32,2,3595,764,2680,5086,0.489515251,0.104030501,0.364923747,0.692538126,7344
415,132,3x3,within,16,1,438,48,232,438,0.445121951,0.048780488,0.235772358,0.445121951,984
416,132,3x3,within,16,2,2083,618,1316,3380,0.352811653,0.104674797,0.222899729,0.572493225,5904
417,132,3x3,within,40,1,670,73,491,670,0.544715447,0.059349593,0.399186992,0.544715447,1230
418,132,3x3,within,40,2,3833,788,3021,5373,0.519376694,0.106775068,0.409349593,0.72804878,7380
419,132,3x3,within,8,1,456,81,203,456,0.348623853,0.061926606,0.155198777,0.348623853,1308
420,132,3x3,within,8,2,1928,785,1076,3101,0.245667686,0.100025484,0.137104995,0.395132518,7848
421,141,2x2,between,8,1,178,158,151,178,0.412037037,0.365740741,0.349537037,0.412037037,432
422,141,2x2,between,8,2,503,438,483,170,0.388117284,0.337962963,0.372685185,0.13117284,1296
423,141,2x2,between,32,1,253,218,219,253,0.683783784,0.589189189,0.591891892,0.683783784,370
424,141,2x2,between,32,2,740,658,735,409,0.666666667,0.592792793,0.662162162,0.368468468,1110
425,141,2x2,between,16,1,193,161,160,193,0.516042781,0.430481283,0.427807487,0.516042781,374
426,141,2x2,between,16,2,588,503,575,291,0.524064171,0.448306595,0.512477718,0.259358289,1122
427,141,2x2,between,40,1,285,256,266,285,0.698529412,0.62745098,0.651960784,0.698529412,408
428,141,2x2,between,40,2,835,756,828,449,0.682189542,0.617647059,0.676470588,0.366830065,1224
429,141,2x2,between,24,1,269,235,233,269,0.646634615,0.564903846,0.560096154,0.646634615,416
430,141,2x2,between,24,2,820,716,805,446,0.657051282,0.573717949,0.645032051,0.357371795,1248
431,141,2x2,within,40,1,268,238,242,268,0.660098522,0.586206897,0.596059113,0.660098522,406
432,141,2x2,within,40,2,806,737,775,481,0.661740558,0.605090312,0.636288998,0.394909688,1218
433,141,2x2,within,16,1,194,179,170,194,0.485,0.4475,0.425,0.485,400
434,141,2x2,within,16,2,632,533,531,298,0.526666667,0.444166667,0.4425,0.248333333,1200
435,141,2x2,within,8,1,166,141,124,166,0.389671362,0.330985915,0.291079812,0.389671362,426
436,141,2x2,within,8,2,508,437,369,206,0.397496088,0.341940532,0.288732394,0.161189358,1278
437,141,2x2,within,24,1,253,212,213,253,0.617073171,0.517073171,0.519512195,0.617073171,410
438,141,2x2,within,24,2,750,643,689,360,0.609756098,0.522764228,0.560162602,0.292682927,1230
439,141,2x2,within,32,1,225,210,209,225,0.669642857,0.625,0.62202381,0.669642857,336
440,141,2x2,within,32,2,661,594,642,359,0.655753968,0.589285714,0.636904762,0.356150794,1008
441,141,2x2x2,between,40,1,437,388,396,437,0.683881064,0.607198748,0.61971831,0.683881064,639
442,141,2x2x2,between,40,2,2663,2331,2409,1544,0.694574857,0.607981221,0.628325509,0.402712572,3834
443,141,2x2x2,between,40,3,4160,3655,4130,1710,0.697518444,0.612843729,0.692488263,0.286720322,5964
444,141,2x2x2,between,32,1,422,372,383,422,0.682847896,0.601941748,0.6197411,0.682847896,618
445,141,2x2x2,between,32,2,2453,2150,2234,1352,0.661542611,0.5798274,0.602481122,0.364617044,3708
446,141,2x2x2,between,32,3,3823,3345,3808,1414,0.66279473,0.579923717,0.660194175,0.245145631,5768
447,141,2x2x2,between,8,1,221,192,164,221,0.372053872,0.323232323,0.276094276,0.372053872,594
448,141,2x2x2,between,8,2,1370,1155,1096,547,0.384399551,0.324074074,0.307519641,0.153479237,3564
449,141,2x2x2,between,8,3,2143,1803,1971,272,0.386544012,0.32521645,0.355519481,0.049062049,5544
450,141,2x2x2,between,24,1,356,302,302,356,0.627865961,0.532627866,0.532627866,0.627865961,567
451,141,2x2x2,between,24,2,2113,1801,1872,1206,0.621105232,0.529394474,0.55026455,0.354497354,3402
452,141,2x2x2,between,24,3,3225,2772,3178,1084,0.609410431,0.523809524,0.600529101,0.204837491,5292
453,141,2x2x2,between,16,1,315,263,262,315,0.541237113,0.451890034,0.450171821,0.541237113,582
454,141,2x2x2,between,16,2,1911,1612,1652,950,0.547250859,0.461626575,0.473081329,0.272050401,3492
455,141,2x2x2,between,16,3,2962,2475,2886,751,0.545287187,0.455633284,0.531296024,0.138254786,5432
456,141,2x2x2,within,8,1,251,218,190,251,0.414191419,0.359735974,0.313531353,0.414191419,606
457,141,2x2x2,within,8,2,1481,1266,1091,597,0.407315732,0.348184818,0.300055006,0.164191419,3636
458,141,2x2x2,within,8,3,2220,1881,1655,414,0.392503536,0.332567185,0.292609618,0.073196605,5656
459,141,2x2x2,within,16,1,283,230,217,283,0.491319444,0.399305556,0.376736111,0.491319444,576
460,141,2x2x2,within,16,2,1812,1538,1482,946,0.524305556,0.445023148,0.428819444,0.273726852,3456
461,141,2x2x2,within,16,3,2781,2331,2488,732,0.517299107,0.43359375,0.462797619,0.136160714,5376
462,141,2x2x2,within,40,1,381,329,332,381,0.686486486,0.592792793,0.598198198,0.686486486,555
463,141,2x2x2,within,40,2,2292,2045,2084,1232,0.688288288,0.614114114,0.625825826,0.36996997,3330
464,141,2x2x2,within,40,3,3589,3201,3436,1280,0.692857143,0.617953668,0.663320463,0.247104247,5180
465,141,2x2x2,within,32,1,376,326,325,376,0.632996633,0.548821549,0.547138047,0.632996633,594
466,141,2x2x2,within,32,2,2322,2059,2052,1325,0.651515152,0.577721661,0.575757576,0.371773288,3564
467,141,2x2x2,within,32,3,3685,3264,3518,1321,0.66468254,0.588744589,0.634559885,0.238275613,5544
468,141,2x2x2,within,24,1,393,336,319,393,0.63592233,0.54368932,0.51618123,0.63592233,618
469,141,2x2x2,within,24,2,2200,1892,1903,1223,0.593311758,0.510248112,0.513214671,0.3298274,3708
470,141,2x2x2,within,24,3,3476,2950,3226,1159,0.602635229,0.511442441,0.559292649,0.2009362,5768
471,141,3x3,between,16,1,641,531,544,641,0.526272578,0.435960591,0.446633826,0.526272578,1218
472,141,3x3,between,16,2,3946,3261,3857,2863,0.539956212,0.446223317,0.527777778,0.391762452,7308
473,141,3x3,between,32,1,804,711,704,804,0.650485437,0.575242718,0.569579288,0.650485437,1236
474,141,3x3,between,32,2,4825,4288,4798,3730,0.65062028,0.578209277,0.646979504,0.502966559,7416
475,141,3x3,between,24,1,774,657,661,774,0.626213592,0.531553398,0.534789644,0.626213592,1236
476,141,3x3,between,24,2,4575,3936,4513,3422,0.616909385,0.530744337,0.608549083,0.461434736,7416
477,141,3x3,between,8,1,437,362,337,437,0.40462963,0.335185185,0.312037037,0.40462963,1080
478,141,3x3,between,8,2,2666,2212,2435,1576,0.411419753,0.341358025,0.375771605,0.243209877,6480
479,141,3x3,between,40,1,912,800,815,912,0.741463415,0.650406504,0.662601626,0.741463415,1230
480,141,3x3,between,40,2,5243,4642,5246,4337,0.710433604,0.62899729,0.710840108,0.587669377,7380
481,141,3x3,within,24,1,727,631,626,727,0.605833333,0.525833333,0.521666667,0.605833333,1200
482,141,3x3,within,24,2,4393,3886,4180,3309,0.610138889,0.539722222,0.580555556,0.459583333,7200
483,141,3x3,within,32,1,775,686,666,775,0.639438944,0.566006601,0.54950495,0.639438944,1212
484,141,3x3,within,32,2,4756,4236,4523,3859,0.654015402,0.582508251,0.621974697,0.530665567,7272
485,141,3x3,within,16,1,510,439,410,510,0.524691358,0.451646091,0.4218107,0.524691358,972
486,141,3x3,within,16,2,3142,2655,2752,2277,0.538751715,0.455246914,0.471879287,0.390432099,5832
487,141,3x3,within,40,1,837,735,744,837,0.6975,0.6125,0.62,0.6975,1200
488,141,3x3,within,40,2,4869,4335,4690,3936,0.67625,0.602083333,0.651388889,0.546666667,7200
489,141,3x3,within,8,1,494,415,349,494,0.38117284,0.320216049,0.269290123,0.38117284,1296
490,141,3x3,within,8,2,3046,2509,2196,1826,0.391718107,0.322659465,0.282407407,0.234825103,7776
491,151,2x2,between,8,1,153,134,122,153,0.388324873,0.340101523,0.30964467,0.388324873,394
492,151,2x2,between,8,2,478,429,449,227,0.404399323,0.362944162,0.379864636,0.192047377,1182
493,151,2x2,between,32,1,284,256,253,284,0.720812183,0.649746193,0.64213198,0.720812183,394
494,151,2x2,between,32,2,815,756,814,450,0.689509306,0.639593909,0.688663283,0.38071066,1182
495,151,2x2,between,40,1,279,259,256,279,0.738095238,0.685185185,0.677248677,0.738095238,378
496,151,2x2,between,40,2,820,745,817,441,0.723104056,0.65696649,0.720458554,0.388888889,1134
497,151,2x2,between,16,1,255,231,216,255,0.595794393,0.539719626,0.504672897,0.595794393,428
498,151,2x2,between,16,2,736,678,716,352,0.573208723,0.528037383,0.557632399,0.274143302,1284
499,151,2x2,between,24,1,256,231,229,256,0.630541872,0.568965517,0.564039409,0.630541872,406
500,151,2x2,between,24,2,769,711,757,368,0.63136289,0.583743842,0.621510673,0.302134647,1218
501,151,2x2,within,8,1,155,139,118,155,0.405759162,0.363874346,0.308900524,0.405759162,382
502,151,2x2,within,8,2,471,427,353,201,0.410994764,0.372600349,0.308027923,0.17539267,1146
503,151,2x2,within,32,1,260,244,234,260,0.67357513,0.632124352,0.606217617,0.67357513,386
504,151,2x2,within,32,2,771,714,740,414,0.665803109,0.616580311,0.639032815,0.357512953,1158
505,151,2x2,within,40,1,281,267,258,281,0.71319797,0.677664975,0.654822335,0.71319797,394
506,151,2x2,within,40,2,832,781,792,437,0.703891709,0.660744501,0.670050761,0.369712352,1182
507,151,2x2,within,16,1,239,231,198,239,0.566350711,0.547393365,0.469194313,0.566350711,422
508,151,2x2,within,16,2,721,668,656,331,0.569510269,0.52764613,0.518167457,0.261453397,1266
509,151,2x2,within,24,1,251,232,223,251,0.640306122,0.591836735,0.568877551,0.640306122,392
510,151,2x2,within,24,2,730,686,687,357,0.620748299,0.583333333,0.584183673,0.303571429,1176
511,151,2x2x2,between,40,1,456,429,402,456,0.727272727,0.684210526,0.641148325,0.727272727,627
512,151,2x2x2,between,40,2,2722,2531,2461,1596,0.723551302,0.672780436,0.654173312,0.424242424,3762
513,151,2x2x2,between,40,3,4174,3935,4182,1502,0.713260424,0.672419686,0.714627478,0.256664388,5852
514,151,2x2x2,between,32,1,402,376,355,402,0.660098522,0.617405583,0.582922824,0.660098522,609
515,151,2x2x2,between,32,2,2463,2290,2224,1347,0.674055829,0.626710454,0.608648057,0.36863711,3654
516,151,2x2x2,between,32,3,3760,3538,3753,1382,0.661505982,0.62244898,0.660274455,0.243138635,5684
517,151,2x2x2,between,8,1,252,233,197,252,0.415841584,0.384488449,0.325082508,0.415841584,606
518,151,2x2x2,between,8,2,1520,1381,1167,592,0.418041804,0.379812981,0.320957096,0.162816282,3636
519,151,2x2x2,between,8,3,2401,2172,2240,389,0.42450495,0.384016973,0.396039604,0.068776521,5656
520,151,2x2x2,between,24,1,366,321,304,366,0.61928934,0.543147208,0.514382403,0.61928934,591
521,151,2x2x2,between,24,2,2236,2055,1949,1189,0.630569656,0.579526227,0.54963339,0.335307389,3546
522,151,2x2x2,between,24,3,3501,3210,3468,1171,0.634699057,0.581943437,0.628716461,0.212291516,5516
523,151,2x2x2,between,16,1,305,286,262,305,0.537918871,0.504409171,0.462081129,0.537918871,567
524,151,2x2x2,between,16,2,1931,1780,1641,1039,0.56760729,0.523221634,0.482363316,0.305408583,3402
525,151,2x2x2,between,16,3,3028,2782,2943,807,0.572184429,0.525699169,0.556122449,0.152494331,5292
526,151,2x2x2,within,40,1,370,357,333,370,0.696798493,0.672316384,0.627118644,0.696798493,531
527,151,2x2x2,within,40,2,2226,2114,2029,1285,0.698681733,0.663527935,0.636848713,0.403327056,3186
528,151,2x2x2,within,40,3,3446,3326,3361,1397,0.695318805,0.67110573,0.678167877,0.281880549,4956
529,151,2x2x2,within,8,1,279,254,216,279,0.46039604,0.419141914,0.356435644,0.46039604,606
530,151,2x2x2,within,8,2,1573,1478,1177,627,0.432618262,0.406490649,0.323707371,0.172442244,3636
531,151,2x2x2,within,8,3,2430,2278,1875,362,0.429632249,0.402758133,0.331506365,0.064002829,5656
532,151,2x2x2,within,24,1,347,325,273,347,0.628623188,0.588768116,0.494565217,0.628623188,552
533,151,2x2x2,within,24,2,2065,1928,1803,1221,0.623490338,0.582125604,0.544384058,0.36865942,3312
534,151,2x2x2,within,24,3,3292,3101,3119,1087,0.638975155,0.601902174,0.605395963,0.210986025,5152
535,151,2x2x2,within,32,1,401,368,342,401,0.668333333,0.613333333,0.57,0.668333333,600
536,151,2x2x2,within,32,2,2417,2265,2163,1306,0.671388889,0.629166667,0.600833333,0.362777778,3600
537,151,2x2x2,within,32,3,3717,3519,3596,1280,0.66375,0.628392857,0.642142857,0.228571429,5600
538,151,2x2x2,within,16,1,346,326,278,346,0.551834131,0.519936204,0.44338118,0.551834131,627
539,151,2x2x2,within,16,2,2113,1983,1793,1053,0.561669325,0.527113238,0.476608187,0.279904306,3762
540,151,2x2x2,within,16,3,3268,3057,2934,692,0.558441558,0.522385509,0.501367054,0.118250171,5852
541,151,3x3,between,24,1,839,787,727,839,0.656494523,0.615805947,0.56885759,0.656494523,1278
542,151,3x3,between,24,2,4873,4513,4845,3696,0.635498174,0.588549817,0.631846635,0.48200313,7668
543,151,3x3,between,40,1,829,779,744,829,0.694304858,0.652428811,0.623115578,0.694304858,1194
544,151,3x3,between,40,2,5117,4829,5125,4242,0.714265773,0.674064768,0.715382468,0.592127303,7164
545,151,3x3,between,16,1,710,643,593,710,0.566188198,0.512759171,0.472886762,0.566188198,1254
546,151,3x3,between,16,2,4180,3794,4069,2967,0.555555556,0.504253057,0.540802764,0.394338118,7524
547,151,3x3,between,32,1,788,729,697,788,0.694885362,0.642857143,0.614638448,0.694885362,1134
548,151,3x3,between,32,2,4601,4305,4603,3801,0.676219871,0.632716049,0.676513815,0.558641975,6804
549,151,3x3,between,8,1,473,419,358,473,0.414912281,0.36754386,0.314035088,0.414912281,1140
550,151,3x3,between,8,2,2803,2493,2576,1656,0.409795322,0.364473684,0.376608187,0.242105263,6840
551,151,3x3,within,16,1,688,634,556,688,0.573333333,0.528333333,0.463333333,0.573333333,1200
552,151,3x3,within,16,2,3967,3663,3516,2696,0.550972222,0.50875,0.488333333,0.374444444,7200
553,151,3x3,within,24,1,707,646,600,707,0.640398551,0.585144928,0.543478261,0.640398551,1104
554,151,3x3,within,24,2,4162,3910,3913,3169,0.628321256,0.590277778,0.590730676,0.478411836,6624
555,151,3x3,within,8,1,527,493,388,527,0.448129252,0.419217687,0.329931973,0.448129252,1176
556,151,3x3,within,8,2,3014,2735,2301,1838,0.427154195,0.387613379,0.326105442,0.260487528,7056
557,151,3x3,within,40,1,828,780,738,828,0.715025907,0.67357513,0.637305699,0.715025907,1158
558,151,3x3,within,40,2,4836,4624,4721,3989,0.696027634,0.665515256,0.679476108,0.57412205,6948
559,151,3x3,within,32,1,842,780,729,842,0.658841941,0.610328638,0.570422535,0.658841941,1278
560,151,3x3,within,32,2,5141,4867,4944,4122,0.670448618,0.634715702,0.644757433,0.537558685,7668
561,20,2x2,between,8,1,22,23,20,22,0.053658537,0.056097561,0.048780488,0.053658537,410
562,20,2x2,between,8,2,68,67,69,26,0.055284553,0.054471545,0.056097561,0.021138211,1230
563,20,2x2,between,24,1,22,20,20,22,0.055276382,0.050251256,0.050251256,0.055276382,398
564,20,2x2,between,24,2,49,45,51,23,0.041038526,0.037688442,0.042713568,0.019262982,1194
565,20,2x2,between,40,1,25,19,24,25,0.0625,0.0475,0.06,0.0625,400
566,20,2x2,between,40,2,56,74,61,28,0.046666667,0.061666667,0.050833333,0.023333333,1200
567,20,2x2,between,32,1,23,21,23,23,0.061170213,0.055851064,0.061170213,0.061170213,376
568,20,2x2,between,32,2,63,63,57,20,0.055851064,0.055851064,0.050531915,0.017730496,1128
569,20,2x2,between,16,1,20,18,18,20,0.048076923,0.043269231,0.043269231,0.048076923,416
570,20,2x2,between,16,2,66,56,58,28,0.052884615,0.044871795,0.046474359,0.022435897,1248
571,20,2x2,within,40,1,18,18,21,18,0.042253521,0.042253521,0.049295775,0.042253521,426
572,20,2x2,within,40,2,58,66,62,244,0.045383412,0.051643192,0.048513302,0.190923318,1278
573,20,2x2,within,8,1,13,9,11,13,0.038461538,0.026627219,0.032544379,0.038461538,338
574,20,2x2,within,8,2,58,43,42,65,0.057199211,0.042406312,0.041420118,0.064102564,1014
575,20,2x2,within,32,1,24,18,22,24,0.0625,0.046875,0.057291667,0.0625,384
576,20,2x2,within,32,2,58,51,49,181,0.050347222,0.044270833,0.042534722,0.157118056,1152
577,20,2x2,within,16,1,26,17,26,26,0.064356436,0.042079208,0.064356436,0.064356436,404
578,20,2x2,within,16,2,61,41,63,125,0.050330033,0.033828383,0.051980198,0.103135314,1212
579,20,2x2,within,24,1,25,18,19,25,0.05787037,0.041666667,0.043981481,0.05787037,432
580,20,2x2,within,24,2,68,63,67,206,0.052469136,0.048611111,0.051697531,0.158950617,1296
581,20,2x2x2,between,32,1,18,17,21,18,0.031088083,0.029360967,0.03626943,0.031088083,579
582,20,2x2x2,between,32,2,124,111,132,51,0.035693725,0.031951641,0.037996546,0.014680484,3474
583,20,2x2x2,between,32,3,197,158,190,67,0.036454478,0.029237602,0.035159141,0.012398224,5404
584,20,2x2x2,between,16,1,31,26,31,31,0.054385965,0.045614035,0.054385965,0.054385965,570
585,20,2x2x2,between,16,2,156,155,144,60,0.045614035,0.045321637,0.042105263,0.01754386,3420
586,20,2x2x2,between,16,3,248,258,219,53,0.046616541,0.048496241,0.041165414,0.009962406,5320
587,20,2x2x2,between,40,1,37,37,40,37,0.052039381,0.052039381,0.05625879,0.052039381,711
588,20,2x2x2,between,40,2,235,218,235,99,0.055086732,0.051101735,0.055086732,0.023206751,4266
589,20,2x2x2,between,40,3,329,331,323,102,0.049578059,0.049879445,0.0486739,0.015370705,6636
590,20,2x2x2,between,8,1,30,24,31,30,0.048543689,0.038834951,0.050161812,0.048543689,618
591,20,2x2x2,between,8,2,169,163,153,32,0.045577131,0.043959008,0.041262136,0.008629989,3708
592,20,2x2x2,between,8,3,280,271,279,33,0.048543689,0.046983356,0.048370319,0.005721221,5768
593,20,2x2x2,between,24,1,26,26,29,26,0.049808429,0.049808429,0.055555556,0.049808429,522
594,20,2x2x2,between,24,2,149,135,142,66,0.047573436,0.043103448,0.045338442,0.021072797,3132
595,20,2x2x2,between,24,3,237,234,219,69,0.04864532,0.048029557,0.044950739,0.014162562,4872
596,20,2x2x2,within,40,1,31,28,34,31,0.051926298,0.046901173,0.056951424,0.051926298,597
597,20,2x2x2,within,40,2,190,176,186,556,0.053042993,0.049134562,0.051926298,0.155220547,3582
598,20,2x2x2,within,40,3,323,283,310,978,0.057968413,0.050789663,0.055635319,0.175520459,5572
599,20,2x2x2,within,8,1,41,21,34,41,0.073476703,0.037634409,0.0609319,0.073476703,558
600,20,2x2x2,within,8,2,167,156,148,210,0.049880526,0.046594982,0.044205496,0.062724014,3348
601,20,2x2x2,within,8,3,259,252,183,357,0.049731183,0.048387097,0.035138249,0.068548387,5208
602,20,2x2x2,within,24,1,26,23,22,26,0.040310078,0.035658915,0.034108527,0.040310078,645
603,20,2x2x2,within,24,2,159,165,142,413,0.041085271,0.042635659,0.036692506,0.106718346,3870
604,20,2x2x2,within,24,3,249,277,249,844,0.041362126,0.046013289,0.041362126,0.140199336,6020
605,20,2x2x2,within,32,1,30,26,29,30,0.054945055,0.047619048,0.053113553,0.054945055,546
606,20,2x2x2,within,32,2,181,156,166,430,0.055250305,0.047619048,0.050671551,0.131257631,3276
607,20,2x2x2,within,32,3,283,246,268,798,0.055533752,0.048273155,0.052590267,0.156593407,5096
608,20,2x2x2,within,16,1,30,29,37,30,0.051546392,0.049828179,0.063573883,0.051546392,582
609,20,2x2x2,within,16,2,164,166,179,355,0.04696449,0.047537228,0.051260023,0.101660939,3492
610,20,2x2x2,within,16,3,302,272,254,682,0.055596465,0.050073638,0.046759941,0.125552283,5432
611,20,3x3,between,16,1,54,54,52,54,0.049723757,0.049723757,0.047882136,0.049723757,1086
612,20,3x3,between,16,2,314,323,296,193,0.048189073,0.049570289,0.045426642,0.029619398,6516
613,20,3x3,between,40,1,63,76,65,63,0.049763033,0.060031596,0.051342812,0.049763033,1266
614,20,3x3,between,40,2,373,360,374,239,0.049104792,0.047393365,0.04923644,0.031463928,7596
615,20,3x3,between,8,1,72,63,68,72,0.06557377,0.057377049,0.061930783,0.06557377,1098
616,20,3x3,between,8,2,353,344,319,144,0.053582271,0.052216151,0.048421372,0.021857923,6588
617,20,3x3,between,32,1,76,75,70,76,0.054131054,0.053418803,0.04985755,0.054131054,1404
618,20,3x3,between,32,2,439,466,443,284,0.05211301,0.055318139,0.052587844,0.0337132,8424
619,20,3x3,between,24,1,44,48,40,44,0.038394415,0.041884817,0.034904014,0.038394415,1146
620,20,3x3,between,24,2,301,330,296,170,0.043775451,0.047993019,0.043048284,0.024723677,6876
621,20,3x3,within,24,1,59,61,53,59,0.051483421,0.053228621,0.046247818,0.051483421,1146
622,20,3x3,within,24,2,385,344,347,963,0.055991856,0.050029087,0.050465387,0.140052356,6876
623,20,3x3,within,16,1,54,34,49,54,0.045226131,0.028475712,0.041038526,0.045226131,1194
624,20,3x3,within,16,2,318,276,287,766,0.04438861,0.038525963,0.040061418,0.106923506,7164
625,20,3x3,within,40,1,56,53,57,56,0.04886562,0.046247818,0.04973822,0.04886562,1146
626,20,3x3,within,40,2,358,363,358,1099,0.052065154,0.052792321,0.052065154,0.159831297,6876
627,20,3x3,within,32,1,70,69,70,70,0.057471264,0.056650246,0.057471264,0.057471264,1218
628,20,3x3,within,32,2,353,372,373,1331,0.048303229,0.05090312,0.051039956,0.182129174,7308
629,20,3x3,within,8,1,75,53,60,75,0.06127451,0.043300654,0.049019608,0.06127451,1224
630,20,3x3,within,8,2,383,376,301,599,0.052151416,0.051198257,0.040985839,0.081563181,7344
631,30,2x2,between,8,1,15,8,16,15,0.035211268,0.018779343,0.037558685,0.035211268,426
632,30,2x2,between,8,2,64,48,58,421,0.050078247,0.037558685,0.045383412,0.32942097,1278
633,30,2x2,between,32,1,13,5,14,13,0.033505155,0.012886598,0.036082474,0.033505155,388
634,30,2x2,between,32,2,43,33,47,757,0.036941581,0.028350515,0.040378007,0.650343643,1164
635,30,2x2,between,40,1,18,6,23,18,0.043902439,0.014634146,0.056097561,0.043902439,410
636,30,2x2,between,40,2,67,25,67,879,0.054471545,0.020325203,0.054471545,0.714634146,1230
637,30,2x2,between,24,1,15,10,18,15,0.038265306,0.025510204,0.045918367,0.038265306,392
638,30,2x2,between,24,2,53,39,48,724,0.045068027,0.033163265,0.040816327,0.615646259,1176
639,30,2x2,between,16,1,13,7,20,13,0.033854167,0.018229167,0.052083333,0.033854167,384
640,30,2x2,between,16,2,65,42,59,541,0.056423611,0.036458333,0.051215278,0.469618056,1152
641,30,2x2,within,24,1,21,11,25,21,0.054404145,0.028497409,0.064766839,0.054404145,386
642,30,2x2,within,24,2,79,42,63,654,0.068221071,0.03626943,0.054404145,0.564766839,1158
643,30,2x2,within,32,1,15,11,13,15,0.040983607,0.030054645,0.035519126,0.040983607,366
644,30,2x2,within,32,2,54,40,49,686,0.049180328,0.036429872,0.044626594,0.624772313,1098
645,30,2x2,within,16,1,12,8,18,12,0.030150754,0.020100503,0.045226131,0.030150754,398
646,30,2x2,within,16,2,58,29,40,566,0.048576214,0.024288107,0.033500838,0.474036851,1194
647,30,2x2,within,40,1,17,6,14,17,0.04028436,0.014218009,0.033175355,0.04028436,422
648,30,2x2,within,40,2,71,36,63,878,0.056082148,0.028436019,0.049763033,0.693522907,1266
649,30,2x2,within,8,1,21,9,12,21,0.050480769,0.021634615,0.028846154,0.050480769,416
650,30,2x2,within,8,2,51,41,38,344,0.040865385,0.032852564,0.030448718,0.275641026,1248
651,30,2x2x2,between,32,1,268,11,30,268,0.47771836,0.019607843,0.053475936,0.47771836,561
652,30,2x2x2,between,32,2,152,110,170,2149,0.045157457,0.032679739,0.050505051,0.638443256,3366
653,30,2x2x2,between,32,3,262,416,260,3603,0.050038197,0.079449962,0.049656226,0.688120703,5236
654,30,2x2x2,between,16,1,222,9,23,222,0.395721925,0.016042781,0.040998217,0.395721925,561
655,30,2x2x2,between,16,2,128,94,143,1545,0.038027332,0.027926322,0.04248366,0.459001783,3366
656,30,2x2x2,between,16,3,242,355,245,2694,0.046218487,0.067799847,0.046791444,0.514514897,5236
657,30,2x2x2,between,8,1,212,18,35,212,0.348111658,0.02955665,0.057471264,0.348111658,609
658,30,2x2x2,between,8,2,163,116,174,1024,0.044608648,0.031746032,0.047619048,0.280240832,3654
659,30,2x2x2,between,8,3,256,355,265,1710,0.045038705,0.062456017,0.046622097,0.300844476,5684
660,30,2x2x2,between,40,1,280,16,25,280,0.440251572,0.025157233,0.039308176,0.440251572,636
661,30,2x2x2,between,40,2,155,115,158,2444,0.040618449,0.030136268,0.041404612,0.640461216,3816
662,30,2x2x2,between,40,3,250,399,250,4156,0.042115903,0.067216981,0.042115903,0.700134771,5936
663,30,2x2x2,between,24,1,238,15,24,238,0.375987362,0.023696682,0.037914692,0.375987362,633
664,30,2x2x2,between,24,2,157,147,162,1990,0.041337546,0.038704581,0.042654028,0.523959979,3798
665,30,2x2x2,between,24,3,263,434,258,3479,0.044515911,0.073459716,0.043669601,0.588862559,5908
666,30,2x2x2,within,40,1,300,13,28,300,0.490196078,0.02124183,0.045751634,0.490196078,612
667,30,2x2x2,within,40,2,176,129,176,2394,0.047930283,0.035130719,0.047930283,0.651960784,3672
668,30,2x2x2,within,40,3,267,506,264,4108,0.046743697,0.088585434,0.046218487,0.719187675,5712
669,30,2x2x2,within,24,1,320,12,34,320,0.52545156,0.019704433,0.055829228,0.52545156,609
670,30,2x2x2,within,24,2,155,112,186,2072,0.042419267,0.030651341,0.05090312,0.567049808,3654
671,30,2x2x2,within,24,3,294,451,298,3592,0.051724138,0.079345531,0.052427868,0.631949331,5684
672,30,2x2x2,within,8,1,224,16,30,224,0.382905983,0.027350427,0.051282051,0.382905983,585
673,30,2x2x2,within,8,2,164,115,137,994,0.046723647,0.032763533,0.039031339,0.283190883,3510
674,30,2x2x2,within,8,3,278,408,192,1697,0.050915751,0.074725275,0.035164835,0.310805861,5460
675,30,2x2x2,within,16,1,239,14,28,239,0.386731392,0.022653722,0.045307443,0.386731392,618
676,30,2x2x2,within,16,2,192,129,164,1626,0.051779935,0.034789644,0.044228695,0.438511327,3708
677,30,2x2x2,within,16,3,267,462,247,2953,0.046289875,0.080097087,0.042822469,0.511962552,5768
678,30,2x2x2,within,32,1,226,12,18,226,0.437984496,0.023255814,0.034883721,0.437984496,516
679,30,2x2x2,within,32,2,158,90,130,1916,0.051033592,0.029069767,0.041989664,0.618863049,3096
680,30,2x2x2,within,32,3,225,368,221,3176,0.046719269,0.07641196,0.045888704,0.659468439,4816
681,30,3x3,between,40,1,388,25,51,388,0.373795761,0.024084778,0.049132948,0.373795761,1038
682,30,3x3,between,40,2,302,483,303,4347,0.048490687,0.077552987,0.048651252,0.697976879,6228
683,30,3x3,between,16,1,431,44,83,431,0.309626437,0.031609195,0.059626437,0.309626437,1392
684,30,3x3,between,16,2,406,815,381,4713,0.048611111,0.097581418,0.045617816,0.564295977,8352
685,30,3x3,between,24,1,367,34,55,367,0.315292096,0.029209622,0.047250859,0.315292096,1164
686,30,3x3,between,24,2,354,654,323,4247,0.050687285,0.093642612,0.046248568,0.608104238,6984
687,30,3x3,between,32,1,453,33,66,453,0.362980769,0.026442308,0.052884615,0.362980769,1248
688,30,3x3,between,32,2,393,690,372,5017,0.052483974,0.092147436,0.049679487,0.670005342,7488
689,30,3x3,between,8,1,272,26,55,272,0.234887737,0.022452504,0.047495682,0.234887737,1158
690,30,3x3,between,8,2,343,618,333,2373,0.049366724,0.088946459,0.047927461,0.341537133,6948
691,30,3x3,within,40,1,391,26,49,391,0.344797178,0.02292769,0.043209877,0.344797178,1134
692,30,3x3,within,40,2,310,594,332,4674,0.045561434,0.087301587,0.048794827,0.686948854,6804
693,30,3x3,within,16,1,330,27,65,330,0.272277228,0.022277228,0.053630363,0.272277228,1212
694,30,3x3,within,16,2,427,636,348,3557,0.058718372,0.087458746,0.047854785,0.489136414,7272
695,30,3x3,within,24,1,409,32,74,409,0.335796388,0.026272578,0.060755337,0.335796388,1218
696,30,3x3,within,24,2,355,693,379,4521,0.048576902,0.094827586,0.051860974,0.61863711,7308
697,30,3x3,within,8,1,306,32,55,306,0.267015707,0.027923211,0.047993019,0.267015707,1146
698,30,3x3,within,8,2,370,637,276,2463,0.053810355,0.09264107,0.040139616,0.358202443,6876
699,30,3x3,within,32,1,464,35,60,464,0.375404531,0.028317152,0.048543689,0.375404531,1236
700,30,3x3,within,32,2,416,658,360,5217,0.05609493,0.088727077,0.048543689,0.703478964,7416
701,40,2x2,between,8,1,23,13,16,23,0.05399061,0.030516432,0.037558685,0.05399061,426
702,40,2x2,between,8,2,56,49,52,12,0.043818466,0.038341158,0.040688576,0.009389671,1278
703,40,2x2,between,32,1,20,25,21,20,0.051546392,0.06443299,0.054123711,0.051546392,388
704,40,2x2,between,32,2,47,50,44,21,0.040378007,0.042955326,0.037800687,0.018041237,1164
705,40,2x2,between,40,1,19,17,17,19,0.046341463,0.041463415,0.041463415,0.046341463,410
706,40,2x2,between,40,2,62,50,61,25,0.050406504,0.040650407,0.049593496,0.020325203,1230
707,40,2x2,between,24,1,13,11,11,13,0.033163265,0.028061224,0.028061224,0.033163265,392
708,40,2x2,between,24,2,47,43,37,34,0.039965986,0.036564626,0.031462585,0.028911565,1176
709,40,2x2,between,16,1,11,14,15,11,0.028645833,0.036458333,0.0390625,0.028645833,384
710,40,2x2,between,16,2,62,55,60,36,0.053819444,0.047743056,0.052083333,0.03125,1152
711,40,2x2,within,24,1,21,17,16,21,0.054123711,0.043814433,0.041237113,0.054123711,388
712,40,2x2,within,24,2,46,44,57,33,0.0395189,0.037800687,0.048969072,0.028350515,1164
713,40,2x2,within,32,1,22,14,23,22,0.06043956,0.038461538,0.063186813,0.06043956,364
714,40,2x2,within,32,2,63,56,58,25,0.057692308,0.051282051,0.053113553,0.022893773,1092
715,40,2x2,within,16,1,15,15,17,15,0.037313433,0.037313433,0.042288557,0.037313433,402
716,40,2x2,within,16,2,59,56,50,16,0.048922056,0.046434494,0.04145937,0.013266998,1206
717,40,2x2,within,40,1,17,19,15,17,0.040669856,0.045454545,0.035885167,0.040669856,418
718,40,2x2,within,40,2,84,66,73,28,0.066985646,0.052631579,0.058213716,0.022328549,1254
719,40,2x2,within,8,1,20,21,18,20,0.048780488,0.051219512,0.043902439,0.048780488,410
720,40,2x2,within,8,2,65,50,43,26,0.052845528,0.040650407,0.03495935,0.021138211,1230
721,40,2x2x2,between,32,1,29,29,26,29,0.051693405,0.051693405,0.046345811,0.051693405,561
722,40,2x2x2,between,32,2,155,152,152,56,0.046048723,0.045157457,0.045157457,0.016636958,3366
723,40,2x2x2,between,32,3,243,236,236,76,0.046409473,0.045072574,0.045072574,0.014514897,5236
724,40,2x2x2,between,16,1,27,28,29,27,0.048128342,0.049910873,0.051693405,0.048128342,561
725,40,2x2x2,between,16,2,175,177,173,78,0.051990493,0.05258467,0.051396316,0.023172906,3366
726,40,2x2x2,between,16,3,280,300,250,90,0.053475936,0.057295646,0.047746371,0.017188694,5236
727,40,2x2x2,between,8,1,33,27,30,33,0.054187192,0.044334975,0.049261084,0.054187192,609
728,40,2x2x2,between,8,2,177,181,173,25,0.048440066,0.049534756,0.047345375,0.006841817,3654
729,40,2x2x2,between,8,3,253,288,262,28,0.044510908,0.050668543,0.0460943,0.004926108,5684
730,40,2x2x2,between,40,1,31,29,27,31,0.048742138,0.045597484,0.04245283,0.048742138,636
731,40,2x2x2,between,40,2,201,185,200,81,0.052672956,0.048480084,0.052410901,0.021226415,3816
732,40,2x2x2,between,40,3,284,296,292,119,0.047843666,0.049865229,0.049191375,0.02004717,5936
733,40,2x2x2,between,24,1,35,27,35,35,0.055292259,0.042654028,0.055292259,0.055292259,633
734,40,2x2x2,between,24,2,166,162,178,88,0.043707214,0.042654028,0.046866772,0.02317009,3798
735,40,2x2x2,between,24,3,256,259,253,133,0.043331077,0.043838863,0.04282329,0.022511848,5908
736,40,2x2x2,within,40,1,33,31,35,33,0.053658537,0.050406504,0.056910569,0.053658537,615
737,40,2x2x2,within,40,2,171,181,176,73,0.046341463,0.049051491,0.047696477,0.019783198,3690
738,40,2x2x2,within,40,3,273,292,263,89,0.047560976,0.05087108,0.045818815,0.015505226,5740
739,40,2x2x2,within,24,1,31,23,26,31,0.049679487,0.036858974,0.041666667,0.049679487,624
740,40,2x2x2,within,24,2,178,169,177,113,0.047542735,0.045138889,0.047275641,0.030181624,3744
741,40,2x2x2,within,24,3,293,295,279,139,0.050309066,0.050652473,0.04790522,0.023866758,5824
742,40,2x2x2,within,8,1,27,20,25,27,0.046632124,0.034542314,0.043177893,0.046632124,579
743,40,2x2x2,within,8,2,153,145,129,42,0.044041451,0.04173863,0.037132988,0.01208981,3474
744,40,2x2x2,within,8,3,247,248,183,51,0.045706884,0.045891932,0.033863805,0.009437454,5404
745,40,2x2x2,within,16,1,22,23,23,22,0.035772358,0.037398374,0.037398374,0.035772358,615
746,40,2x2x2,within,16,2,168,174,163,87,0.045528455,0.047154472,0.044173442,0.023577236,3690
747,40,2x2x2,within,16,3,288,298,252,97,0.050174216,0.051916376,0.043902439,0.016898955,5740
748,40,2x2x2,within,32,1,23,25,26,23,0.044573643,0.048449612,0.050387597,0.044573643,516
749,40,2x2x2,within,32,2,164,135,141,71,0.052971576,0.043604651,0.045542636,0.022932817,3096
750,40,2x2x2,within,32,3,226,198,211,77,0.04692691,0.041112957,0.043812292,0.015988372,4816
751,40,3x3,between,40,1,47,46,49,47,0.045279383,0.044315992,0.047206166,0.045279383,1038
752,40,3x3,between,40,2,333,306,326,178,0.053468208,0.049132948,0.052344252,0.028580604,6228
753,40,3x3,between,16,1,58,60,56,58,0.041666667,0.043103448,0.040229885,0.041666667,1392
754,40,3x3,between,16,2,392,413,381,211,0.046934866,0.049449234,0.045617816,0.02526341,8352
755,40,3x3,between,24,1,63,67,66,63,0.054123711,0.057560137,0.056701031,0.054123711,1164
756,40,3x3,between,24,2,353,364,339,153,0.050544101,0.052119129,0.048539519,0.021907216,6984
757,40,3x3,between,32,1,68,76,69,68,0.054487179,0.060897436,0.055288462,0.054487179,1248
758,40,3x3,between,32,2,375,430,359,217,0.050080128,0.057425214,0.047943376,0.028979701,7488
759,40,3x3,between,8,1,57,57,58,57,0.049222798,0.049222798,0.050086356,0.049222798,1158
760,40,3x3,between,8,2,364,396,362,147,0.052389177,0.056994819,0.052101324,0.021157168,6948
761,40,3x3,within,40,1,62,52,50,62,0.053540587,0.044905009,0.043177893,0.053540587,1158
762,40,3x3,within,40,2,357,341,349,176,0.051381693,0.049078872,0.050230282,0.025331031,6948
763,40,3x3,within,16,1,68,59,71,68,0.056384743,0.048922056,0.058872305,0.056384743,1206
764,40,3x3,within,16,2,357,395,329,194,0.04933665,0.05458817,0.045467109,0.026810392,7236
765,40,3x3,within,24,1,67,65,68,67,0.055280528,0.053630363,0.056105611,0.055280528,1212
766,40,3x3,within,24,2,398,434,389,198,0.054730473,0.059680968,0.053492849,0.027227723,7272
767,40,3x3,within,8,1,55,54,52,55,0.047993019,0.047120419,0.045375218,0.047993019,1146
768,40,3x3,within,8,2,376,376,293,157,0.054682955,0.054682955,0.042611984,0.022833042,6876
769,40,3x3,within,32,1,68,61,63,68,0.055555556,0.049836601,0.051470588,0.055555556,1224
770,40,3x3,within,32,2,404,404,394,204,0.055010893,0.055010893,0.053649237,0.027777778,7344
771,50,2x2,between,8,1,21,18,15,21,0.050480769,0.043269231,0.036057692,0.050480769,416
772,50,2x2,between,8,2,49,49,47,9,0.039262821,0.039262821,0.037660256,0.007211538,1248
773,50,2x2,between,24,1,21,14,18,21,0.052238806,0.034825871,0.044776119,0.052238806,402
774,50,2x2,between,24,2,54,59,51,12,0.044776119,0.048922056,0.042288557,0.009950249,1206
775,50,2x2,between,40,1,13,12,14,13,0.033678756,0.031088083,0.03626943,0.033678756,386
776,50,2x2,between,40,2,44,43,43,3,0.037996546,0.037132988,0.037132988,0.002590674,1158
777,50,2x2,between,32,1,27,28,26,27,0.066831683,0.069306931,0.064356436,0.066831683,404
778,50,2x2,between,32,2,67,62,59,9,0.055280528,0.051155116,0.048679868,0.007425743,1212
779,50,2x2,between,16,1,19,23,20,19,0.048469388,0.058673469,0.051020408,0.048469388,392
780,50,2x2,between,16,2,58,53,46,12,0.049319728,0.045068027,0.039115646,0.010204082,1176
781,50,2x2,within,32,1,16,18,20,16,0.041450777,0.046632124,0.051813472,0.041450777,386
782,50,2x2,within,32,2,41,52,47,3,0.035405872,0.044905009,0.040587219,0.002590674,1158
783,50,2x2,within,16,1,20,16,17,20,0.051020408,0.040816327,0.043367347,0.051020408,392
784,50,2x2,within,16,2,46,44,44,4,0.039115646,0.037414966,0.037414966,0.003401361,1176
785,50,2x2,within,24,1,15,18,17,15,0.0390625,0.046875,0.044270833,0.0390625,384
786,50,2x2,within,24,2,51,52,49,11,0.044270833,0.045138889,0.042534722,0.009548611,1152
787,50,2x2,within,8,1,17,18,18,17,0.039719626,0.042056075,0.042056075,0.039719626,428
788,50,2x2,within,8,2,72,47,46,2,0.056074766,0.036604361,0.035825545,0.001557632,1284
789,50,2x2,within,40,1,17,17,20,17,0.0425,0.0425,0.05,0.0425,400
790,50,2x2,within,40,2,57,61,55,9,0.0475,0.050833333,0.045833333,0.0075,1200
791,50,2x2x2,between,16,1,33,33,30,33,0.051401869,0.051401869,0.046728972,0.051401869,642
792,50,2x2x2,between,16,2,220,203,202,66,0.057113188,0.052699896,0.052440291,0.017133956,3852
793,50,2x2x2,between,16,3,347,351,308,6,0.057910547,0.058578104,0.051401869,0.001001335,5992
794,50,2x2x2,between,40,1,31,33,30,31,0.050161812,0.053398058,0.048543689,0.050161812,618
795,50,2x2x2,between,40,2,187,191,176,29,0.050431499,0.051510248,0.047464941,0.007820928,3708
796,50,2x2x2,between,40,3,281,289,278,10,0.04871706,0.050104022,0.048196949,0.001733703,5768
797,50,2x2x2,between,8,1,32,29,31,32,0.054145516,0.049069374,0.052453469,0.054145516,591
798,50,2x2x2,between,8,2,168,168,162,18,0.047377327,0.047377327,0.045685279,0.005076142,3546
799,50,2x2x2,between,8,3,302,288,305,11,0.054749819,0.052211748,0.055293691,0.001994199,5516
800,50,2x2x2,between,32,1,37,37,37,37,0.056835637,0.056835637,0.056835637,0.056835637,651
801,50,2x2x2,between,32,2,166,182,160,20,0.04249872,0.046594982,0.040962622,0.005120328,3906
802,50,2x2x2,between,32,3,279,290,270,9,0.045918367,0.047728769,0.04443713,0.001481238,6076
803,50,2x2x2,between,24,1,27,25,29,27,0.054216867,0.050200803,0.058232932,0.054216867,498
804,50,2x2x2,between,24,2,135,157,148,23,0.045180723,0.052543507,0.049531459,0.007697456,2988
805,50,2x2x2,between,24,3,251,246,229,8,0.054001721,0.05292599,0.049268503,0.00172117,4648
806,50,2x2x2,within,40,1,25,26,24,25,0.040257649,0.041867955,0.038647343,0.040257649,621
807,50,2x2x2,within,40,2,160,157,150,19,0.042941492,0.042136339,0.040257649,0.005099302,3726
808,50,2x2x2,within,40,3,241,249,257,0,0.0415804,0.042960663,0.044340925,0,5796
809,50,2x2x2,within,24,1,29,35,31,29,0.050086356,0.06044905,0.053540587,0.050086356,579
810,50,2x2x2,within,24,2,176,181,173,28,0.050662061,0.052101324,0.049798503,0.008059873,3474
811,50,2x2x2,within,24,3,277,277,270,3,0.051258327,0.051258327,0.04996299,0.000555144,5404
812,50,2x2x2,within,16,1,33,30,28,33,0.058201058,0.052910053,0.049382716,0.058201058,567
813,50,2x2x2,within,16,2,164,190,186,23,0.048206937,0.0558495,0.054673721,0.006760729,3402
814,50,2x2x2,within,16,3,261,280,241,4,0.049319728,0.052910053,0.045540438,0.000755858,5292
815,50,2x2x2,within,32,1,34,32,31,34,0.048640916,0.045779685,0.04434907,0.048640916,699
816,50,2x2x2,within,32,2,214,225,229,30,0.051025274,0.053648069,0.054601812,0.007153076,4194
817,50,2x2x2,within,32,3,326,320,308,12,0.049969344,0.049049663,0.0472103,0.001839362,6524
818,50,2x2x2,within,8,1,35,28,23,35,0.069033531,0.055226824,0.045364892,0.069033531,507
819,50,2x2x2,within,8,2,149,144,125,15,0.048980934,0.047337278,0.041091387,0.004930966,3042
820,50,2x2x2,within,8,3,227,232,177,2,0.04797126,0.049027895,0.037404903,0.000422654,4732
821,50,3x3,between,16,1,67,62,71,67,0.051459293,0.047619048,0.05453149,0.051459293,1302
822,50,3x3,between,16,2,354,376,335,80,0.0453149,0.04813108,0.042882744,0.010240655,7812
823,50,3x3,between,24,1,64,70,57,64,0.051779935,0.056634304,0.046116505,0.051779935,1236
824,50,3x3,between,24,2,450,463,419,141,0.060679612,0.062432578,0.056499461,0.019012945,7416
825,50,3x3,between,40,1,54,58,60,54,0.045226131,0.048576214,0.050251256,0.045226131,1194
826,50,3x3,between,40,2,361,368,349,96,0.050390843,0.051367951,0.048715801,0.013400335,7164
827,50,3x3,between,32,1,57,61,61,57,0.05,0.053508772,0.053508772,0.05,1140
828,50,3x3,between,32,2,335,342,342,82,0.048976608,0.05,0.05,0.011988304,6840
829,50,3x3,between,8,1,49,45,44,49,0.043439716,0.039893617,0.039007092,0.043439716,1128
830,50,3x3,between,8,2,313,324,316,88,0.046247045,0.04787234,0.046690307,0.013002364,6768
831,50,3x3,within,24,1,63,57,52,63,0.058659218,0.053072626,0.048417132,0.058659218,1074
832,50,3x3,within,24,2,308,303,279,78,0.0477964,0.047020484,0.043296089,0.012104283,6444
833,50,3x3,within,32,1,44,48,54,44,0.038800705,0.042328042,0.047619048,0.038800705,1134
834,50,3x3,within,32,2,279,285,286,80,0.041005291,0.041887125,0.042034098,0.01175779,6804
835,50,3x3,within,8,1,74,78,70,74,0.056060606,0.059090909,0.053030303,0.056060606,1320
836,50,3x3,within,8,2,482,492,339,139,0.060858586,0.062121212,0.04280303,0.017550505,7920
837,50,3x3,within,40,1,74,55,57,74,0.06292517,0.046768707,0.048469388,0.06292517,1176
838,50,3x3,within,40,2,360,361,350,105,0.051020408,0.051162132,0.049603175,0.014880952,7056
839,50,3x3,within,16,1,64,60,54,64,0.051282051,0.048076923,0.043269231,0.051282051,1248
840,50,3x3,within,16,2,329,320,291,69,0.043936966,0.042735043,0.038862179,0.009214744,7488